ISO-10303-21;
HEADER;
/* Generated by software containing ST-Developer
 * from STEP Tools, Inc. (www.steptools.com) 
 */

FILE_DESCRIPTION(
/* description */ (''),
/* implementation_level */ '2;1');

FILE_NAME(
/* name */ 'Bottom_modified_PB.step',
/* time_stamp */ '2026-07-28T14:54:23+02:00',
/* author */ (''),
/* organization */ (''),
/* preprocessor_version */ 'ST-DEVELOPER v20.1',
/* originating_system */ 'Autodesk Translation Framework v15.8.0.0',
/* authorisation */ '');

FILE_SCHEMA (('AUTOMOTIVE_DESIGN { 1 0 10303 214 3 1 1 }'));
ENDSEC;

DATA;
#10=MECHANICAL_DESIGN_GEOMETRIC_PRESENTATION_REPRESENTATION('',(#13),#3772);
#11=SHAPE_REPRESENTATION_RELATIONSHIP('SRR','None',#3779,#12);
#12=ADVANCED_BREP_SHAPE_REPRESENTATION('',(#14),#3771);
#13=STYLED_ITEM('',(#3789),#14);
#14=MANIFOLD_SOLID_BREP('K\X\F6rper1',#1351);
#15=B_SPLINE_SURFACE_WITH_KNOTS('',3,1,((#2761,#2762),(#2763,#2764),(#2765,
#2766),(#2767,#2768),(#2769,#2770),(#2771,#2772),(#2773,#2774),(#2775,#2776),
(#2777,#2778),(#2779,#2780),(#2781,#2782),(#2783,#2784),(#2785,#2786),(#2787,
#2788),(#2789,#2790),(#2791,#2792),(#2793,#2794),(#2795,#2796),(#2797,#2798),
(#2799,#2800),(#2801,#2802),(#2803,#2804),(#2805,#2806),(#2807,#2808),(#2809,
#2810),(#2811,#2812),(#2813,#2814),(#2815,#2816),(#2817,#2818),(#2819,#2820),
(#2821,#2822),(#2823,#2824),(#2825,#2826),(#2827,#2828),(#2829,#2830),(#2831,
#2832),(#2833,#2834),(#2835,#2836),(#2837,#2838),(#2839,#2840),(#2841,#2842),
(#2843,#2844),(#2845,#2846),(#2847,#2848),(#2849,#2850),(#2851,#2852),(#2853,
#2854),(#2855,#2856),(#2857,#2858),(#2859,#2860),(#2861,#2862),(#2863,#2864),
(#2865,#2866),(#2867,#2868),(#2869,#2870),(#2871,#2872),(#2873,#2874),(#2875,
#2876),(#2877,#2878),(#2879,#2880),(#2881,#2882),(#2883,#2884),(#2885,#2886),
(#2887,#2888),(#2889,#2890),(#2891,#2892),(#2893,#2894),(#2895,#2896),(#2897,
#2898),(#2899,#2900),(#2901,#2902),(#2903,#2904),(#2905,#2906),(#2907,#2908),
(#2909,#2910),(#2911,#2912),(#2913,#2914),(#2915,#2916),(#2917,#2918),(#2919,
#2920),(#2921,#2922),(#2923,#2924),(#2925,#2926),(#2927,#2928),(#2929,#2930),
(#2931,#2932),(#2933,#2934),(#2935,#2936),(#2937,#2938),(#2939,#2940),(#2941,
#2942),(#2943,#2944),(#2945,#2946),(#2947,#2948),(#2949,#2950),(#2951,#2952),
(#2953,#2954),(#2955,#2956),(#2957,#2958),(#2959,#2960),(#2961,#2962),(#2963,
#2964),(#2965,#2966),(#2967,#2968),(#2969,#2970),(#2971,#2972),(#2973,#2974),
(#2975,#2976),(#2977,#2978),(#2979,#2980),(#2981,#2982),(#2983,#2984)),
 .UNSPECIFIED.,.T.,.F.,.F.,(4,3,3,3,3,3,3,3,3,3,3,3,3,3,3,3,3,3,3,3,3,3,
3,3,3,3,3,3,3,3,3,3,3,3,3,3,3,4),(2,2),(-1.,-0.950865787999774,-0.934856725698442,
-0.917114374742463,-0.899371814195596,-0.882146179512289,-0.874840327337731,
-0.860410040950751,-0.845979754563772,-0.830805939339425,-0.815632124115078,
-0.733160452964953,-0.684539296111043,-0.665389444716048,-0.646239383661101,
-0.62785025374447,-0.619331474561854,-0.598380314387963,-0.582025314968973,
-0.565670315549983,-0.49571614259483,-0.448840676242354,-0.43468373201565,
-0.417851508372074,-0.389319921309137,-0.374618659647288,-0.359917397985439,
-0.337735726246886,-0.315554265800571,-0.200363746387123,-0.184463216223051,
-0.172874967270247,-0.149651491891566,-0.120181552535059,-0.0907116131785519,
-0.0655543169332953,-0.00661573835406608,0.),(0.,1.01999999999964),
 .UNSPECIFIED.);
#16=B_SPLINE_SURFACE_WITH_KNOTS('',3,3,((#3404,#3405,#3406,#3407,#3408,
#3409,#3410,#3411,#3412,#3413,#3414,#3415,#3416,#3417,#3418,#3419,#3420,
#3421,#3422,#3423,#3424,#3425,#3426,#3427,#3428,#3429,#3430,#3431,#3432,
#3433,#3434,#3435,#3436,#3437,#3438,#3439,#3440,#3441,#3442,#3443,#3444,
#3445,#3446,#3447,#3448,#3449,#3450,#3451,#3452,#3453,#3454,#3455,#3456,
#3457,#3458,#3459,#3460,#3461,#3462),(#3463,#3464,#3465,#3466,#3467,#3468,
#3469,#3470,#3471,#3472,#3473,#3474,#3475,#3476,#3477,#3478,#3479,#3480,
#3481,#3482,#3483,#3484,#3485,#3486,#3487,#3488,#3489,#3490,#3491,#3492,
#3493,#3494,#3495,#3496,#3497,#3498,#3499,#3500,#3501,#3502,#3503,#3504,
#3505,#3506,#3507,#3508,#3509,#3510,#3511,#3512,#3513,#3514,#3515,#3516,
#3517,#3518,#3519,#3520,#3521),(#3522,#3523,#3524,#3525,#3526,#3527,#3528,
#3529,#3530,#3531,#3532,#3533,#3534,#3535,#3536,#3537,#3538,#3539,#3540,
#3541,#3542,#3543,#3544,#3545,#3546,#3547,#3548,#3549,#3550,#3551,#3552,
#3553,#3554,#3555,#3556,#3557,#3558,#3559,#3560,#3561,#3562,#3563,#3564,
#3565,#3566,#3567,#3568,#3569,#3570,#3571,#3572,#3573,#3574,#3575,#3576,
#3577,#3578,#3579,#3580),(#3581,#3582,#3583,#3584,#3585,#3586,#3587,#3588,
#3589,#3590,#3591,#3592,#3593,#3594,#3595,#3596,#3597,#3598,#3599,#3600,
#3601,#3602,#3603,#3604,#3605,#3606,#3607,#3608,#3609,#3610,#3611,#3612,
#3613,#3614,#3615,#3616,#3617,#3618,#3619,#3620,#3621,#3622,#3623,#3624,
#3625,#3626,#3627,#3628,#3629,#3630,#3631,#3632,#3633,#3634,#3635,#3636,
#3637,#3638,#3639),(#3640,#3641,#3642,#3643,#3644,#3645,#3646,#3647,#3648,
#3649,#3650,#3651,#3652,#3653,#3654,#3655,#3656,#3657,#3658,#3659,#3660,
#3661,#3662,#3663,#3664,#3665,#3666,#3667,#3668,#3669,#3670,#3671,#3672,
#3673,#3674,#3675,#3676,#3677,#3678,#3679,#3680,#3681,#3682,#3683,#3684,
#3685,#3686,#3687,#3688,#3689,#3690,#3691,#3692,#3693,#3694,#3695,#3696,
#3697,#3698),(#3699,#3700,#3701,#3702,#3703,#3704,#3705,#3706,#3707,#3708,
#3709,#3710,#3711,#3712,#3713,#3714,#3715,#3716,#3717,#3718,#3719,#3720,
#3721,#3722,#3723,#3724,#3725,#3726,#3727,#3728,#3729,#3730,#3731,#3732,
#3733,#3734,#3735,#3736,#3737,#3738,#3739,#3740,#3741,#3742,#3743,#3744,
#3745,#3746,#3747,#3748,#3749,#3750,#3751,#3752,#3753,#3754,#3755,#3756,
#3757)),.UNSPECIFIED.,.F.,.T.,.F.,(4,1,1,4),(4,1,1,2,1,1,1,1,1,2,1,1,2,
1,1,1,1,1,1,2,1,1,1,1,1,2,1,1,1,1,1,1,2,1,1,1,2,1,1,1,1,1,1,1,1,2,1,1,4),
(0.,0.285714285714286,0.571428571428571,1.),(0.,0.0374596096761688,0.0376387885657934,
0.0655543169332954,0.0825413025461176,0.0995282881589398,0.108021780965351,
0.116515273771762,0.150489244997406,0.184463216223051,0.240645094613417,
0.2827995961868,0.315554265800571,0.332572760974154,0.349591256147737,0.366609751321319,
0.383628246494902,0.400646741668485,0.417665236842068,0.43468373201565,
0.453396101091984,0.464410198291109,0.49082083924465,0.528245577397316,
0.541722717279154,0.565670315549983,0.599632881424571,0.608123522893219,
0.616614164361866,0.63359544729916,0.650576730236454,0.667558013173749,
0.684539296111043,0.703266842968762,0.721994389826482,0.75944948354192,
0.815632124115078,0.832664210055558,0.849696295996039,0.858212338966279,
0.866728381936519,0.871247097104376,0.89227651084724,0.900792553817481,
0.917824639757961,0.934856725698442,0.936157106342961,0.962775271827681,
1.),.UNSPECIFIED.);
#17=B_SPLINE_CURVE_WITH_KNOTS('',3,(#1927,#1928,#1929,#1930,#1931,#1932,
#1933,#1934,#1935,#1936,#1937,#1938,#1939,#1940,#1941,#1942,#1943,#1944,
#1945,#1946,#1947,#1948,#1949,#1950,#1951,#1952,#1953,#1954,#1955,#1956,
#1957,#1958,#1959,#1960,#1961,#1962,#1963,#1964,#1965,#1966,#1967,#1968,
#1969,#1970,#1971,#1972,#1973,#1974,#1975,#1976,#1977,#1978,#1979,#1980,
#1981,#1982,#1983,#1984,#1985,#1986,#1987,#1988,#1989,#1990,#1991,#1992,
#1993),.UNSPECIFIED.,.F.,.F.,(4,3,3,3,3,3,3,3,3,3,3,3,3,3,3,3,3,3,3,3,3,
3,4),(-1.,-0.986827908850193,-0.973397952708835,-0.970594603825459,-0.969138962903779,
-0.968353081138683,-0.964166036708653,-0.962029319786413,-0.946613582284962,
-0.934856725698442,-0.917823306632967,-0.913567766036102,-0.911916911728716,
-0.911048566950114,-0.905837878008538,-0.900801144245508,-0.895625247208818,
-0.892294616794139,-0.887102693055473,-0.882305768242727,-0.881903832413747,
-0.878228568046354,-0.877508843429982),.UNSPECIFIED.);
#18=B_SPLINE_CURVE_WITH_KNOTS('',3,(#1995,#1996,#1997,#1998,#1999,#2000,
#2001,#2002,#2003,#2004,#2005,#2006,#2007,#2008,#2009,#2010,#2011,#2012,
#2013,#2014,#2015,#2016,#2017,#2018,#2019,#2020,#2021,#2022,#2023,#2024,
#2025,#2026,#2027,#2028,#2029,#2030,#2031,#2032,#2033,#2034,#2035,#2036,
#2037,#2038,#2039,#2040,#2041,#2042,#2043,#2044,#2045,#2046,#2047,#2048,
#2049,#2050,#2051,#2052,#2053,#2054,#2055),.UNSPECIFIED.,.F.,.F.,(4,3,3,
3,3,3,3,3,3,3,3,3,3,3,3,3,3,3,3,3,4),(-0.122602294713982,-0.120181552535059,
-0.116502434552406,-0.111711912111513,-0.108005350878275,-0.103201067166234,
-0.099527100156449,-0.0947173779392575,-0.0907116131785519,-0.0834169113492338,
-0.0825396606587307,-0.0752422162014024,-0.0679664823814384,-0.0655543169332954,
-0.0484786504877967,-0.0376332742083909,-0.0374541682331431,-0.0349090727496652,
-0.0331441839670576,-0.0320512979114859,0.),.UNSPECIFIED.);
#19=B_SPLINE_CURVE_WITH_KNOTS('',3,(#2061,#2062,#2063,#2064,#2065,#2066,
#2067,#2068,#2069,#2070,#2071,#2072,#2073,#2074,#2075,#2076,#2077,#2078,
#2079,#2080,#2081,#2082,#2083,#2084,#2085,#2086,#2087,#2088,#2089,#2090,
#2091,#2092,#2093,#2094,#2095,#2096,#2097,#2098,#2099,#2100,#2101,#2102,
#2103,#2104,#2105,#2106,#2107,#2108,#2109,#2110,#2111,#2112,#2113,#2114,
#2115,#2116,#2117,#2118,#2119,#2120,#2121,#2122,#2123,#2124,#2125,#2126,
#2127,#2128,#2129,#2130,#2131,#2132,#2133,#2134,#2135,#2136,#2137,#2138,
#2139,#2140,#2141,#2142,#2143,#2144,#2145,#2146,#2147,#2148,#2149,#2150,
#2151,#2152,#2153,#2154,#2155,#2156,#2157,#2158,#2159,#2160,#2161,#2162,
#2163,#2164,#2165,#2166,#2167,#2168,#2169,#2170,#2171,#2172,#2173,#2174,
#2175,#2176,#2177,#2178),.UNSPECIFIED.,.F.,.F.,(4,3,3,3,3,3,3,3,3,3,3,3,
3,3,3,3,3,3,3,3,3,3,3,3,3,3,3,3,3,3,3,3,3,3,3,3,3,3,3,4),(-0.365829081221344,
-0.36231156225689,-0.359126706791321,-0.35863959356212,-0.35323969699893,
-0.349572140394615,-0.344202377793992,-0.338794205552149,-0.333431510520214,
-0.332569741022331,-0.330442806619611,-0.329515914269306,-0.328706270054619,
-0.322951046000414,-0.317143604988588,-0.315554265800571,-0.299167884603381,
-0.295583363716496,-0.294832606761219,-0.294196222410672,-0.266762970863767,
-0.256475501533677,-0.251691519170465,-0.249812520438724,-0.241643857411765,
-0.234618344981566,-0.184463216223051,-0.180046920516569,-0.17562079603265,
-0.171265769745009,-0.167057354057308,-0.162818283909116,-0.158622417906207,
-0.154486981915899,-0.150488395026211,-0.149651491891566,-0.145668797879903,
-0.141663811743067,-0.137631726720846,-0.134275579922718),.UNSPECIFIED.);
#20=B_SPLINE_CURVE_WITH_KNOTS('',3,(#2184,#2185,#2186,#2187,#2188,#2189,
#2190,#2191,#2192,#2193,#2194,#2195,#2196,#2197,#2198,#2199,#2200,#2201,
#2202,#2203,#2204,#2205,#2206,#2207,#2208,#2209,#2210,#2211,#2212,#2213,
#2214,#2215,#2216,#2217,#2218,#2219,#2220,#2221,#2222,#2223,#2224,#2225,
#2226,#2227,#2228,#2229,#2230,#2231,#2232,#2233,#2234,#2235,#2236,#2237,
#2238,#2239,#2240,#2241,#2242,#2243,#2244,#2245,#2246,#2247,#2248,#2249,
#2250,#2251,#2252,#2253,#2254,#2255,#2256,#2257,#2258,#2259,#2260,#2261,
#2262,#2263,#2264,#2265,#2266,#2267,#2268,#2269,#2270,#2271,#2272,#2273,
#2274,#2275,#2276,#2277,#2278,#2279,#2280,#2281,#2282,#2283,#2284,#2285,
#2286,#2287,#2288,#2289,#2290,#2291,#2292,#2293,#2294,#2295,#2296,#2297,
#2298,#2299,#2300,#2301,#2302,#2303,#2304,#2305,#2306,#2307,#2308,#2309,
#2310,#2311,#2312,#2313,#2314,#2315,#2316,#2317,#2318,#2319,#2320,#2321,
#2322,#2323,#2324,#2325,#2326,#2327,#2328,#2329,#2330,#2331,#2332,#2333,
#2334,#2335,#2336,#2337,#2338,#2339,#2340),.UNSPECIFIED.,.F.,.F.,(4,3,3,
3,3,3,3,3,3,3,3,3,3,3,3,3,3,3,3,3,3,3,3,3,3,3,3,3,3,3,3,3,3,3,3,3,3,3,3,
3,3,3,3,3,3,3,3,3,3,3,3,3,4),(-0.622705431176306,-0.617985874582505,-0.616617710493377,
-0.611883918265027,-0.608180311563883,-0.608126630894464,-0.603382896658805,
-0.599628544699738,-0.594818233214902,-0.590015990701919,-0.586925313556933,
-0.581611564055196,-0.576248828464434,-0.570294487325529,-0.565670315549983,
-0.548044463725479,-0.533874372261751,-0.532861766559555,-0.531889800361825,
-0.528302208316978,-0.514323773429004,-0.504368768252335,-0.502003141187562,
-0.500456426742425,-0.499236100134278,-0.489915989836551,-0.476107925381326,
-0.470929901210616,-0.468664515635931,-0.467372984023349,-0.466510620558654,
-0.458553898422903,-0.455444169515453,-0.453129347420841,-0.43468373201565,
-0.430103693291361,-0.425559608376596,-0.42161879995338,-0.419648395741772,
-0.418647048257006,-0.417899748735453,-0.417677991530165,-0.412719024485472,
-0.407700509514106,-0.402680465952117,-0.400672268751004,-0.395654312584164,
-0.390649550082757,-0.388381569015567,-0.38408889179111,-0.383620921939194,
-0.379342756131155,-0.37748235204488),.UNSPECIFIED.);
#21=B_SPLINE_CURVE_WITH_KNOTS('',3,(#2345,#2346,#2347,#2348,#2349,#2350,
#2351,#2352,#2353,#2354,#2355,#2356,#2357,#2358,#2359,#2360,#2361,#2362,
#2363,#2364,#2365,#2366,#2367,#2368,#2369,#2370,#2371,#2372,#2373,#2374,
#2375,#2376,#2377,#2378,#2379,#2380,#2381,#2382,#2383,#2384,#2385,#2386,
#2387,#2388,#2389,#2390,#2391,#2392,#2393,#2394,#2395,#2396,#2397,#2398,
#2399,#2400,#2401,#2402,#2403,#2404,#2405,#2406,#2407,#2408,#2409,#2410,
#2411,#2412,#2413,#2414,#2415,#2416,#2417,#2418,#2419,#2420,#2421,#2422,
#2423,#2424,#2425,#2426,#2427,#2428,#2429,#2430,#2431,#2432,#2433,#2434,
#2435,#2436,#2437,#2438,#2439,#2440,#2441,#2442,#2443,#2444,#2445,#2446,
#2447,#2448,#2449,#2450,#2451,#2452,#2453,#2454,#2455,#2456,#2457,#2458,
#2459,#2460,#2461,#2462),.UNSPECIFIED.,.F.,.F.,(4,3,3,3,3,3,3,3,3,3,3,3,
3,3,3,3,3,3,3,3,3,3,3,3,3,3,3,3,3,3,3,3,3,3,3,3,3,3,3,4),(-0.865848033485982,
-0.860953250818962,-0.858218872919297,-0.853328299895195,-0.852676240155782,
-0.849694408518538,-0.84115259107099,-0.832663392817704,-0.830534484229875,
-0.829779819901391,-0.829086858663211,-0.824683882010412,-0.820158003062745,
-0.815632124115078,-0.799245520614574,-0.792076381583103,-0.788715847662101,
-0.786846902210858,-0.785484373569319,-0.76024810420475,-0.757785400062414,
-0.755877527071451,-0.738042969331349,-0.724667051026272,-0.720841976902145,
-0.71176630670437,-0.7071481568093,-0.704322049222018,-0.702466845693065,
-0.687245238492146,-0.684539296111043,-0.675440659767343,-0.6675577000931,
-0.658508367981786,-0.657320193100977,-0.651845803147147,-0.650571207548279,
-0.645185599922284,-0.639737168337163,-0.634424479303626),.UNSPECIFIED.);
#22=B_SPLINE_CURVE_WITH_KNOTS('',3,(#2469,#2470,#2471,#2472,#2473,#2474,
#2475,#2476,#2477,#2478,#2479,#2480,#2481,#2482,#2483,#2484,#2485,#2486,
#2487,#2488,#2489,#2490,#2491,#2492,#2493,#2494,#2495,#2496,#2497,#2498,
#2499,#2500,#2501,#2502,#2503,#2504,#2505,#2506,#2507,#2508,#2509,#2510,
#2511,#2512,#2513,#2514,#2515,#2516,#2517,#2518,#2519,#2520,#2521,#2522,
#2523,#2524,#2525),.UNSPECIFIED.,.T.,.F.,(4,1,1,2,1,1,1,1,1,2,1,1,2,1,1,
1,1,1,1,2,1,1,1,1,2,1,1,1,1,1,1,2,1,1,1,2,1,1,1,1,1,1,1,2,1,1,4),(0.,0.0374596096761688,
0.0376387885657934,0.0655543169332954,0.0825413025461176,0.0995282881589398,
0.108021780965351,0.116515273771762,0.150489244997406,0.184463216223051,
0.240645094613417,0.2827995961868,0.315554265800571,0.332572760974154,0.349591256147737,
0.366609751321319,0.383628246494902,0.400646741668485,0.417665236842068,
0.43468373201565,0.453396101091984,0.49082083924465,0.528245577397316,0.541722717279154,
0.565670315549983,0.599632881424571,0.608123522893219,0.616614164361866,
0.63359544729916,0.650576730236454,0.667558013173749,0.684539296111043,
0.703266842968762,0.721994389826482,0.75944948354192,0.815632124115078,
0.832664210055558,0.849696295996039,0.858212338966279,0.866728381936519,
0.89227651084724,0.900792553817481,0.917824639757961,0.934856725698442,
0.936157106342961,0.962775271827681,1.),.UNSPECIFIED.);
#23=B_SPLINE_CURVE_WITH_KNOTS('',3,(#2527,#2528,#2529,#2530,#2531,#2532,
#2533,#2534,#2535,#2536,#2537,#2538,#2539,#2540,#2541,#2542,#2543,#2544,
#2545,#2546,#2547,#2548,#2549,#2550,#2551,#2552,#2553,#2554,#2555,#2556,
#2557,#2558,#2559,#2560,#2561,#2562,#2563,#2564,#2565,#2566,#2567,#2568,
#2569,#2570,#2571,#2572,#2573,#2574,#2575,#2576,#2577,#2578,#2579,#2580,
#2581,#2582,#2583,#2584,#2585,#2586,#2587,#2588,#2589,#2590,#2591,#2592,
#2593,#2594,#2595,#2596,#2597,#2598,#2599,#2600,#2601,#2602,#2603,#2604,
#2605,#2606,#2607,#2608,#2609,#2610,#2611,#2612,#2613,#2614,#2615,#2616,
#2617,#2618,#2619,#2620,#2621,#2622,#2623,#2624,#2625,#2626,#2627,#2628,
#2629,#2630,#2631),.UNSPECIFIED.,.T.,.F.,(4,2,3,3,3,3,3,3,3,3,3,2,3,3,3,
3,3,3,3,3,2,2,3,3,3,3,3,3,3,2,3,3,3,2,3,3,2,4),(-1.,-0.950865787999774,
-0.934856725698442,-0.917114374742463,-0.899371814195596,-0.882146179512289,
-0.874840327337731,-0.860410040950751,-0.845979754563772,-0.830805939339425,
-0.815632124115078,-0.733160452964953,-0.684539296111043,-0.665389444716048,
-0.646239383661101,-0.62785025374447,-0.619331474561854,-0.598380314387963,
-0.582025314968973,-0.565670315549983,-0.49571614259483,-0.448840676242354,
-0.43468373201565,-0.417851508372074,-0.389319921309137,-0.374618659647288,
-0.359917397985439,-0.337735726246886,-0.315554265800571,-0.200363746387123,
-0.184463216223051,-0.172874967270247,-0.149651491891566,-0.120181552535059,
-0.0907116131785519,-0.0655543169332953,-0.00661573835406608,0.),
 .UNSPECIFIED.);
#24=B_SPLINE_CURVE_WITH_KNOTS('',3,(#2990,#2991,#2992,#2993,#2994,#2995,
#2996,#2997,#2998,#2999,#3000,#3001,#3002,#3003,#3004,#3005,#3006,#3007,
#3008,#3009,#3010,#3011,#3012,#3013,#3014,#3015,#3016,#3017,#3018,#3019,
#3020,#3021,#3022,#3023),.UNSPECIFIED.,.F.,.F.,(4,3,3,3,3,3,3,3,3,3,3,4),
(-1.,-0.950865787999774,-0.934856725698442,-0.917114374742463,-0.899371814195596,
-0.882146179512289,-0.874840327337731,-0.860410040950751,-0.845979754563772,
-0.830805939339425,-0.815632124115078,-0.793961205974332),.UNSPECIFIED.);
#25=B_SPLINE_CURVE_WITH_KNOTS('',3,(#3026,#3027,#3028,#3029,#3030,#3031,
#3032,#3033,#3034,#3035,#3036,#3037,#3038,#3039,#3040,#3041,#3042,#3043,
#3044,#3045,#3046,#3047,#3048,#3049,#3050,#3051,#3052,#3053,#3054,#3055,
#3056,#3057,#3058,#3059,#3060,#3061,#3062,#3063,#3064,#3065,#3066,#3067,
#3068,#3069,#3070,#3071,#3072,#3073,#3074,#3075,#3076,#3077,#3078,#3079,
#3080,#3081,#3082,#3083,#3084,#3085,#3086,#3087,#3088,#3089,#3090,#3091,
#3092,#3093,#3094,#3095,#3096,#3097,#3098,#3099,#3100,#3101,#3102,#3103,
#3104,#3105,#3106,#3107,#3108,#3109,#3110,#3111,#3112,#3113,#3114,#3115,
#3116,#3117,#3118,#3119,#3120,#3121,#3122,#3123,#3124,#3125,#3126,#3127,
#3128,#3129,#3130,#3131,#3132,#3133,#3134,#3135,#3136,#3137,#3138,#3139,
#3140),.UNSPECIFIED.,.F.,.F.,(4,3,3,3,3,3,3,3,3,3,3,3,3,3,3,3,3,3,3,3,3,
3,3,3,3,3,3,3,3,3,3,3,3,3,3,3,3,3,4),(-0.707036350898732,-0.684539296111343,
-0.66538944471634,-0.646239383661384,-0.627850253744745,-0.619331474562125,
-0.598380314388225,-0.582025314969228,-0.565670315550231,-0.500177023783036,
-0.496022969558319,-0.495256290146038,-0.464970011080939,-0.44982687154839,
-0.448846708736768,-0.447976662670816,-0.43468373201584,-0.417851508372257,
-0.389319921309308,-0.374618659647452,-0.359917397985597,-0.337735726247034,
-0.315554265800709,-0.250008741011921,-0.217235978617526,-0.200849597420329,
-0.199144266246137,-0.184463216223132,-0.172874967270323,-0.149651491891632,
-0.120181552535112,-0.0907116131785917,-0.065554316933324,-0.032777158466662,
-0.016388579233331,-0.0081942896166655,-0.00671028922904146,-0.00536933301147075,
0.),.UNSPECIFIED.);
#26=B_SPLINE_CURVE_WITH_KNOTS('',3,(#3309,#3310,#3311,#3312,#3313,#3314,
#3315,#3316,#3317,#3318,#3319,#3320,#3321,#3322,#3323,#3324,#3325,#3326,
#3327,#3328,#3329,#3330),.UNSPECIFIED.,.F.,.F.,(4,2,2,2,2,2,2,2,2,2,4),
(9.99999849494039E-7,0.0636040609254901,0.114417386905737,0.132853458527711,
0.140357248001041,0.145667112260273,0.151043128597021,0.158872758615119,
0.17934984011547,0.230447488849295,0.291066103643767),.UNSPECIFIED.);
#27=B_SPLINE_CURVE_WITH_KNOTS('',3,(#3333,#3334,#3335,#3336,#3337,#3338,
#3339,#3340,#3341,#3342,#3343,#3344,#3345,#3346,#3347,#3348,#3349,#3350,
#3351,#3352,#3353,#3354),.UNSPECIFIED.,.F.,.F.,(4,2,2,2,2,2,2,2,2,2,4),
(9.9999493366993E-7,0.0638167839548287,0.114576191119636,0.132914731873077,
0.14037287181077,0.145648738890317,0.15098909851173,0.158764933420372,0.179094538233879,
0.230112774622034,0.291143819031876),.UNSPECIFIED.);
#28=B_SPLINE_CURVE_WITH_KNOTS('',3,(#3357,#3358,#3359,#3360,#3361,#3362,
#3363,#3364,#3365,#3366,#3367,#3368,#3369,#3370,#3371,#3372,#3373,#3374,
#3375,#3376,#3377,#3378),.UNSPECIFIED.,.F.,.F.,(4,2,2,2,2,2,2,2,2,2,4),
(9.99997976777435E-7,0.0637970607511872,0.114561831491988,0.132932426301367,
0.14038438417,0.145649330770549,0.150973198242346,0.158715403456613,0.178904996309252,
0.22991245636861,0.291092936844433),.UNSPECIFIED.);
#29=B_SPLINE_CURVE_WITH_KNOTS('',3,(#3381,#3382,#3383,#3384,#3385,#3386,
#3387,#3388,#3389,#3390,#3391,#3392,#3393,#3394,#3395,#3396,#3397,#3398,
#3399,#3400,#3401,#3402),.UNSPECIFIED.,.F.,.F.,(4,2,2,2,2,2,2,2,2,2,4),
(0.,0.0624630871761618,0.113320617398801,0.132579293756898,0.14019319755016,
0.145505078658818,0.150820403937121,0.158451273254674,0.177816251599659,
0.228667370667949,0.290972407357366),.UNSPECIFIED.);
#30=B_SPLINE_CURVE_WITH_KNOTS('',3,(#3759,#3760,#3761,#3762),
 .UNSPECIFIED.,.F.,.F.,(4,4),(-0.273755484215724,0.),.UNSPECIFIED.);
#31=B_SPLINE_CURVE_WITH_KNOTS('',3,(#3763,#3764,#3765,#3766,#3767,#3768),
 .UNSPECIFIED.,.F.,.F.,(4,1,1,4),(-1.,-0.571428571428571,-0.285714285714286,
-0.273755484215724),.UNSPECIFIED.);
#32=CYLINDRICAL_SURFACE('',#1372,2.75);
#33=CYLINDRICAL_SURFACE('',#1376,2.75);
#34=CYLINDRICAL_SURFACE('',#1380,2.75);
#35=CYLINDRICAL_SURFACE('',#1392,30.5);
#36=CYLINDRICAL_SURFACE('',#1394,2.94);
#37=CYLINDRICAL_SURFACE('',#1400,2.94);
#38=CYLINDRICAL_SURFACE('',#1403,0.999999999999999);
#39=CYLINDRICAL_SURFACE('',#1407,0.999999999999996);
#40=CYLINDRICAL_SURFACE('',#1420,1.2);
#41=CYLINDRICAL_SURFACE('',#1423,1.2);
#42=CYLINDRICAL_SURFACE('',#1437,3.94);
#43=CYLINDRICAL_SURFACE('',#1442,3.94);
#44=CYLINDRICAL_SURFACE('',#1461,3.4);
#45=CYLINDRICAL_SURFACE('',#1464,2.2);
#46=CYLINDRICAL_SURFACE('',#1466,3.4);
#47=CYLINDRICAL_SURFACE('',#1468,3.4);
#48=CYLINDRICAL_SURFACE('',#1469,2.2);
#49=CYLINDRICAL_SURFACE('',#1471,2.2);
#50=CYLINDRICAL_SURFACE('',#1472,1.55);
#51=CYLINDRICAL_SURFACE('',#1475,1.55);
#52=CYLINDRICAL_SURFACE('',#1478,1.55);
#53=CYLINDRICAL_SURFACE('',#1481,1.55);
#54=CYLINDRICAL_SURFACE('',#1485,1.55);
#55=CYLINDRICAL_SURFACE('',#1489,1.55);
#56=CYLINDRICAL_SURFACE('',#1493,1.55);
#57=CYLINDRICAL_SURFACE('',#1497,2.75);
#58=CYLINDRICAL_SURFACE('',#1498,2.75);
#59=CYLINDRICAL_SURFACE('',#1499,2.75);
#60=CYLINDRICAL_SURFACE('',#1500,2.75);
#61=FACE_BOUND('',#196,.T.);
#62=FACE_BOUND('',#197,.T.);
#63=FACE_BOUND('',#198,.T.);
#64=FACE_BOUND('',#205,.T.);
#65=FACE_BOUND('',#208,.T.);
#66=FACE_BOUND('',#231,.T.);
#67=FACE_BOUND('',#232,.T.);
#68=FACE_BOUND('',#233,.T.);
#69=FACE_BOUND('',#243,.T.);
#70=FACE_BOUND('',#244,.T.);
#71=FACE_BOUND('',#245,.T.);
#72=FACE_BOUND('',#246,.T.);
#73=FACE_BOUND('',#247,.T.);
#74=FACE_BOUND('',#249,.T.);
#75=FACE_BOUND('',#264,.T.);
#76=FACE_BOUND('',#267,.T.);
#77=FACE_BOUND('',#270,.T.);
#78=FACE_BOUND('',#273,.T.);
#79=FACE_BOUND('',#276,.T.);
#80=FACE_BOUND('',#279,.T.);
#81=FACE_BOUND('',#282,.T.);
#82=PLANE('',#1368);
#83=PLANE('',#1382);
#84=PLANE('',#1393);
#85=PLANE('',#1397);
#86=PLANE('',#1398);
#87=PLANE('',#1399);
#88=PLANE('',#1406);
#89=PLANE('',#1410);
#90=PLANE('',#1411);
#91=PLANE('',#1413);
#92=PLANE('',#1414);
#93=PLANE('',#1415);
#94=PLANE('',#1416);
#95=PLANE('',#1417);
#96=PLANE('',#1419);
#97=PLANE('',#1422);
#98=PLANE('',#1425);
#99=PLANE('',#1426);
#100=PLANE('',#1433);
#101=PLANE('',#1434);
#102=PLANE('',#1435);
#103=PLANE('',#1439);
#104=PLANE('',#1440);
#105=PLANE('',#1444);
#106=PLANE('',#1445);
#107=PLANE('',#1453);
#108=PLANE('',#1460);
#109=PLANE('',#1462);
#110=PLANE('',#1463);
#111=PLANE('',#1465);
#112=PLANE('',#1467);
#113=PLANE('',#1470);
#114=PLANE('',#1474);
#115=PLANE('',#1477);
#116=PLANE('',#1480);
#117=PLANE('',#1483);
#118=PLANE('',#1487);
#119=PLANE('',#1491);
#120=PLANE('',#1495);
#121=FACE_OUTER_BOUND('',#194,.T.);
#122=FACE_OUTER_BOUND('',#195,.T.);
#123=FACE_OUTER_BOUND('',#199,.T.);
#124=FACE_OUTER_BOUND('',#200,.T.);
#125=FACE_OUTER_BOUND('',#201,.T.);
#126=FACE_OUTER_BOUND('',#202,.T.);
#127=FACE_OUTER_BOUND('',#203,.T.);
#128=FACE_OUTER_BOUND('',#204,.T.);
#129=FACE_OUTER_BOUND('',#206,.T.);
#130=FACE_OUTER_BOUND('',#207,.T.);
#131=FACE_OUTER_BOUND('',#209,.T.);
#132=FACE_OUTER_BOUND('',#210,.T.);
#133=FACE_OUTER_BOUND('',#211,.T.);
#134=FACE_OUTER_BOUND('',#212,.T.);
#135=FACE_OUTER_BOUND('',#213,.T.);
#136=FACE_OUTER_BOUND('',#214,.T.);
#137=FACE_OUTER_BOUND('',#215,.T.);
#138=FACE_OUTER_BOUND('',#216,.T.);
#139=FACE_OUTER_BOUND('',#217,.T.);
#140=FACE_OUTER_BOUND('',#218,.T.);
#141=FACE_OUTER_BOUND('',#219,.T.);
#142=FACE_OUTER_BOUND('',#220,.T.);
#143=FACE_OUTER_BOUND('',#221,.T.);
#144=FACE_OUTER_BOUND('',#222,.T.);
#145=FACE_OUTER_BOUND('',#223,.T.);
#146=FACE_OUTER_BOUND('',#224,.T.);
#147=FACE_OUTER_BOUND('',#225,.T.);
#148=FACE_OUTER_BOUND('',#226,.T.);
#149=FACE_OUTER_BOUND('',#227,.T.);
#150=FACE_OUTER_BOUND('',#228,.T.);
#151=FACE_OUTER_BOUND('',#229,.T.);
#152=FACE_OUTER_BOUND('',#230,.T.);
#153=FACE_OUTER_BOUND('',#234,.T.);
#154=FACE_OUTER_BOUND('',#235,.T.);
#155=FACE_OUTER_BOUND('',#236,.T.);
#156=FACE_OUTER_BOUND('',#237,.T.);
#157=FACE_OUTER_BOUND('',#238,.T.);
#158=FACE_OUTER_BOUND('',#239,.T.);
#159=FACE_OUTER_BOUND('',#240,.T.);
#160=FACE_OUTER_BOUND('',#241,.T.);
#161=FACE_OUTER_BOUND('',#242,.T.);
#162=FACE_OUTER_BOUND('',#248,.T.);
#163=FACE_OUTER_BOUND('',#250,.T.);
#164=FACE_OUTER_BOUND('',#251,.T.);
#165=FACE_OUTER_BOUND('',#252,.T.);
#166=FACE_OUTER_BOUND('',#253,.T.);
#167=FACE_OUTER_BOUND('',#254,.T.);
#168=FACE_OUTER_BOUND('',#255,.T.);
#169=FACE_OUTER_BOUND('',#256,.T.);
#170=FACE_OUTER_BOUND('',#257,.T.);
#171=FACE_OUTER_BOUND('',#258,.T.);
#172=FACE_OUTER_BOUND('',#259,.T.);
#173=FACE_OUTER_BOUND('',#260,.T.);
#174=FACE_OUTER_BOUND('',#261,.T.);
#175=FACE_OUTER_BOUND('',#262,.T.);
#176=FACE_OUTER_BOUND('',#263,.T.);
#177=FACE_OUTER_BOUND('',#265,.T.);
#178=FACE_OUTER_BOUND('',#266,.T.);
#179=FACE_OUTER_BOUND('',#268,.T.);
#180=FACE_OUTER_BOUND('',#269,.T.);
#181=FACE_OUTER_BOUND('',#271,.T.);
#182=FACE_OUTER_BOUND('',#272,.T.);
#183=FACE_OUTER_BOUND('',#274,.T.);
#184=FACE_OUTER_BOUND('',#275,.T.);
#185=FACE_OUTER_BOUND('',#277,.T.);
#186=FACE_OUTER_BOUND('',#278,.T.);
#187=FACE_OUTER_BOUND('',#280,.T.);
#188=FACE_OUTER_BOUND('',#281,.T.);
#189=FACE_OUTER_BOUND('',#283,.T.);
#190=FACE_OUTER_BOUND('',#284,.T.);
#191=FACE_OUTER_BOUND('',#285,.T.);
#192=FACE_OUTER_BOUND('',#286,.T.);
#193=FACE_OUTER_BOUND('',#287,.T.);
#194=EDGE_LOOP('',(#893,#894,#895,#896));
#195=EDGE_LOOP('',(#897));
#196=EDGE_LOOP('',(#898));
#197=EDGE_LOOP('',(#899));
#198=EDGE_LOOP('',(#900));
#199=EDGE_LOOP('',(#901,#902,#903,#904));
#200=EDGE_LOOP('',(#905,#906,#907,#908));
#201=EDGE_LOOP('',(#909,#910,#911,#912));
#202=EDGE_LOOP('',(#913,#914,#915,#916));
#203=EDGE_LOOP('',(#917,#918,#919,#920));
#204=EDGE_LOOP('',(#921,#922,#923,#924,#925,#926,#927,#928,#929,#930,#931,
#932,#933));
#205=EDGE_LOOP('',(#934));
#206=EDGE_LOOP('',(#935,#936,#937,#938));
#207=EDGE_LOOP('',(#939));
#208=EDGE_LOOP('',(#940));
#209=EDGE_LOOP('',(#941,#942,#943,#944));
#210=EDGE_LOOP('',(#945,#946,#947,#948));
#211=EDGE_LOOP('',(#949,#950,#951,#952,#953,#954));
#212=EDGE_LOOP('',(#955,#956,#957,#958));
#213=EDGE_LOOP('',(#959,#960,#961,#962));
#214=EDGE_LOOP('',(#963,#964,#965,#966));
#215=EDGE_LOOP('',(#967,#968,#969,#970));
#216=EDGE_LOOP('',(#971,#972,#973,#974));
#217=EDGE_LOOP('',(#975,#976,#977,#978));
#218=EDGE_LOOP('',(#979,#980,#981,#982,#983,#984,#985));
#219=EDGE_LOOP('',(#986,#987,#988,#989,#990,#991));
#220=EDGE_LOOP('',(#992,#993,#994,#995));
#221=EDGE_LOOP('',(#996,#997,#998,#999,#1000,#1001,#1002));
#222=EDGE_LOOP('',(#1003,#1004,#1005,#1006,#1007,#1008,#1009,#1010,#1011,
#1012,#1013,#1014,#1015,#1016));
#223=EDGE_LOOP('',(#1017,#1018,#1019,#1020,#1021,#1022,#1023,#1024));
#224=EDGE_LOOP('',(#1025,#1026,#1027,#1028));
#225=EDGE_LOOP('',(#1029,#1030,#1031,#1032));
#226=EDGE_LOOP('',(#1033,#1034,#1035,#1036));
#227=EDGE_LOOP('',(#1037,#1038,#1039,#1040));
#228=EDGE_LOOP('',(#1041,#1042,#1043,#1044));
#229=EDGE_LOOP('',(#1045,#1046,#1047,#1048,#1049,#1050,#1051,#1052,#1053,
#1054,#1055,#1056,#1057,#1058,#1059,#1060,#1061,#1062));
#230=EDGE_LOOP('',(#1063,#1064,#1065,#1066,#1067,#1068));
#231=EDGE_LOOP('',(#1069));
#232=EDGE_LOOP('',(#1070));
#233=EDGE_LOOP('',(#1071));
#234=EDGE_LOOP('',(#1072,#1073,#1074,#1075,#1076,#1077));
#235=EDGE_LOOP('',(#1078,#1079,#1080,#1081,#1082,#1083));
#236=EDGE_LOOP('',(#1084,#1085,#1086,#1087,#1088,#1089,#1090));
#237=EDGE_LOOP('',(#1091,#1092,#1093,#1094));
#238=EDGE_LOOP('',(#1095,#1096,#1097,#1098));
#239=EDGE_LOOP('',(#1099,#1100,#1101,#1102,#1103,#1104,#1105));
#240=EDGE_LOOP('',(#1106,#1107,#1108,#1109));
#241=EDGE_LOOP('',(#1110,#1111,#1112,#1113));
#242=EDGE_LOOP('',(#1114,#1115,#1116,#1117,#1118,#1119,#1120,#1121,#1122,
#1123,#1124));
#243=EDGE_LOOP('',(#1125));
#244=EDGE_LOOP('',(#1126));
#245=EDGE_LOOP('',(#1127));
#246=EDGE_LOOP('',(#1128));
#247=EDGE_LOOP('',(#1129,#1130,#1131,#1132,#1133,#1134));
#248=EDGE_LOOP('',(#1135,#1136,#1137,#1138,#1139,#1140));
#249=EDGE_LOOP('',(#1141,#1142,#1143,#1144,#1145,#1146));
#250=EDGE_LOOP('',(#1147,#1148,#1149,#1150));
#251=EDGE_LOOP('',(#1151,#1152,#1153,#1154));
#252=EDGE_LOOP('',(#1155,#1156,#1157,#1158));
#253=EDGE_LOOP('',(#1159,#1160,#1161,#1162));
#254=EDGE_LOOP('',(#1163,#1164,#1165,#1166));
#255=EDGE_LOOP('',(#1167,#1168,#1169,#1170));
#256=EDGE_LOOP('',(#1171,#1172,#1173,#1174));
#257=EDGE_LOOP('',(#1175,#1176,#1177,#1178));
#258=EDGE_LOOP('',(#1179,#1180,#1181,#1182));
#259=EDGE_LOOP('',(#1183,#1184,#1185,#1186));
#260=EDGE_LOOP('',(#1187,#1188,#1189,#1190));
#261=EDGE_LOOP('',(#1191,#1192,#1193,#1194));
#262=EDGE_LOOP('',(#1195,#1196,#1197,#1198));
#263=EDGE_LOOP('',(#1199));
#264=EDGE_LOOP('',(#1200));
#265=EDGE_LOOP('',(#1201,#1202,#1203,#1204));
#266=EDGE_LOOP('',(#1205));
#267=EDGE_LOOP('',(#1206));
#268=EDGE_LOOP('',(#1207,#1208,#1209,#1210));
#269=EDGE_LOOP('',(#1211));
#270=EDGE_LOOP('',(#1212));
#271=EDGE_LOOP('',(#1213,#1214,#1215,#1216));
#272=EDGE_LOOP('',(#1217));
#273=EDGE_LOOP('',(#1218));
#274=EDGE_LOOP('',(#1219,#1220,#1221,#1222));
#275=EDGE_LOOP('',(#1223));
#276=EDGE_LOOP('',(#1224));
#277=EDGE_LOOP('',(#1225,#1226,#1227,#1228));
#278=EDGE_LOOP('',(#1229));
#279=EDGE_LOOP('',(#1230));
#280=EDGE_LOOP('',(#1231,#1232,#1233,#1234));
#281=EDGE_LOOP('',(#1235));
#282=EDGE_LOOP('',(#1236));
#283=EDGE_LOOP('',(#1237,#1238,#1239,#1240,#1241,#1242));
#284=EDGE_LOOP('',(#1243,#1244,#1245,#1246,#1247,#1248));
#285=EDGE_LOOP('',(#1249,#1250,#1251,#1252,#1253,#1254));
#286=EDGE_LOOP('',(#1255,#1256,#1257,#1258,#1259,#1260));
#287=EDGE_LOOP('',(#1261,#1262,#1263,#1264,#1265,#1266,#1267,#1268,#1269,
#1270,#1271,#1272,#1273,#1274));
#288=LINE('',#1891,#399);
#289=LINE('',#1902,#400);
#290=LINE('',#1906,#401);
#291=LINE('',#1910,#402);
#292=LINE('',#1914,#403);
#293=LINE('',#1918,#404);
#294=LINE('',#2466,#405);
#295=LINE('',#2637,#406);
#296=LINE('',#2640,#407);
#297=LINE('',#2643,#408);
#298=LINE('',#2645,#409);
#299=LINE('',#2646,#410);
#300=LINE('',#2650,#411);
#301=LINE('',#2652,#412);
#302=LINE('',#2654,#413);
#303=LINE('',#2656,#414);
#304=LINE('',#2658,#415);
#305=LINE('',#2659,#416);
#306=LINE('',#2662,#417);
#307=LINE('',#2664,#418);
#308=LINE('',#2665,#419);
#309=LINE('',#2671,#420);
#310=LINE('',#2677,#421);
#311=LINE('',#2680,#422);
#312=LINE('',#2683,#423);
#313=LINE('',#2685,#424);
#314=LINE('',#2686,#425);
#315=LINE('',#2691,#426);
#316=LINE('',#2696,#427);
#317=LINE('',#2697,#428);
#318=LINE('',#2698,#429);
#319=LINE('',#2701,#430);
#320=LINE('',#2703,#431);
#321=LINE('',#2707,#432);
#322=LINE('',#2708,#433);
#323=LINE('',#2711,#434);
#324=LINE('',#2713,#435);
#325=LINE('',#2715,#436);
#326=LINE('',#2717,#437);
#327=LINE('',#2718,#438);
#328=LINE('',#2721,#439);
#329=LINE('',#2723,#440);
#330=LINE('',#2724,#441);
#331=LINE('',#2727,#442);
#332=LINE('',#2729,#443);
#333=LINE('',#2731,#444);
#334=LINE('',#2733,#445);
#335=LINE('',#2734,#446);
#336=LINE('',#2736,#447);
#337=LINE('',#2737,#448);
#338=LINE('',#2738,#449);
#339=LINE('',#2741,#450);
#340=LINE('',#2745,#451);
#341=LINE('',#2746,#452);
#342=LINE('',#2750,#453);
#343=LINE('',#2753,#454);
#344=LINE('',#2754,#455);
#345=LINE('',#2758,#456);
#346=LINE('',#2760,#457);
#347=LINE('',#2986,#458);
#348=LINE('',#2988,#459);
#349=LINE('',#3024,#460);
#350=LINE('',#3142,#461);
#351=LINE('',#3143,#462);
#352=LINE('',#3149,#463);
#353=LINE('',#3153,#464);
#354=LINE('',#3156,#465);
#355=LINE('',#3165,#466);
#356=LINE('',#3167,#467);
#357=LINE('',#3168,#468);
#358=LINE('',#3172,#469);
#359=LINE('',#3173,#470);
#360=LINE('',#3174,#471);
#361=LINE('',#3178,#472);
#362=LINE('',#3182,#473);
#363=LINE('',#3184,#474);
#364=LINE('',#3188,#475);
#365=LINE('',#3192,#476);
#366=LINE('',#3194,#477);
#367=LINE('',#3208,#478);
#368=LINE('',#3212,#479);
#369=LINE('',#3215,#480);
#370=LINE('',#3219,#481);
#371=LINE('',#3223,#482);
#372=LINE('',#3227,#483);
#373=LINE('',#3231,#484);
#374=LINE('',#3235,#485);
#375=LINE('',#3239,#486);
#376=LINE('',#3242,#487);
#377=LINE('',#3243,#488);
#378=LINE('',#3245,#489);
#379=LINE('',#3247,#490);
#380=LINE('',#3249,#491);
#381=LINE('',#3250,#492);
#382=LINE('',#3252,#493);
#383=LINE('',#3254,#494);
#384=LINE('',#3256,#495);
#385=LINE('',#3258,#496);
#386=LINE('',#3261,#497);
#387=LINE('',#3263,#498);
#388=LINE('',#3268,#499);
#389=LINE('',#3273,#500);
#390=LINE('',#3278,#501);
#391=LINE('',#3283,#502);
#392=LINE('',#3290,#503);
#393=LINE('',#3297,#504);
#394=LINE('',#3304,#505);
#395=LINE('',#3331,#506);
#396=LINE('',#3355,#507);
#397=LINE('',#3379,#508);
#398=LINE('',#3403,#509);
#399=VECTOR('',#1507,3.25);
#400=VECTOR('',#1520,2.75);
#401=VECTOR('',#1525,3.25);
#402=VECTOR('',#1530,2.75);
#403=VECTOR('',#1535,3.25);
#404=VECTOR('',#1540,2.75);
#405=VECTOR('',#1565,30.5);
#406=VECTOR('',#1572,10.);
#407=VECTOR('',#1575,10.);
#408=VECTOR('',#1578,10.);
#409=VECTOR('',#1579,10.);
#410=VECTOR('',#1580,10.);
#411=VECTOR('',#1583,10.);
#412=VECTOR('',#1584,10.);
#413=VECTOR('',#1585,10.);
#414=VECTOR('',#1586,10.);
#415=VECTOR('',#1587,10.);
#416=VECTOR('',#1588,10.);
#417=VECTOR('',#1591,10.);
#418=VECTOR('',#1592,10.);
#419=VECTOR('',#1593,10.);
#420=VECTOR('',#1600,10.);
#421=VECTOR('',#1605,10.);
#422=VECTOR('',#1608,10.);
#423=VECTOR('',#1611,10.);
#424=VECTOR('',#1612,10.);
#425=VECTOR('',#1613,10.);
#426=VECTOR('',#1618,10.);
#427=VECTOR('',#1623,10.);
#428=VECTOR('',#1624,10.);
#429=VECTOR('',#1625,10.);
#430=VECTOR('',#1628,10.);
#431=VECTOR('',#1629,10.);
#432=VECTOR('',#1632,10.);
#433=VECTOR('',#1633,10.);
#434=VECTOR('',#1636,10.);
#435=VECTOR('',#1637,10.);
#436=VECTOR('',#1638,10.);
#437=VECTOR('',#1639,10.);
#438=VECTOR('',#1640,10.);
#439=VECTOR('',#1643,10.);
#440=VECTOR('',#1644,10.);
#441=VECTOR('',#1645,10.);
#442=VECTOR('',#1648,10.);
#443=VECTOR('',#1649,10.);
#444=VECTOR('',#1650,10.);
#445=VECTOR('',#1651,10.);
#446=VECTOR('',#1652,10.);
#447=VECTOR('',#1655,10.);
#448=VECTOR('',#1656,10.);
#449=VECTOR('',#1657,10.);
#450=VECTOR('',#1660,10.);
#451=VECTOR('',#1665,10.);
#452=VECTOR('',#1666,10.);
#453=VECTOR('',#1671,10.);
#454=VECTOR('',#1674,10.);
#455=VECTOR('',#1675,10.);
#456=VECTOR('',#1680,10.);
#457=VECTOR('',#1683,10.);
#458=VECTOR('',#1684,10.);
#459=VECTOR('',#1685,10.);
#460=VECTOR('',#1686,10.);
#461=VECTOR('',#1687,10.);
#462=VECTOR('',#1688,10.);
#463=VECTOR('',#1693,10.);
#464=VECTOR('',#1696,9.99999999999999);
#465=VECTOR('',#1699,10.);
#466=VECTOR('',#1708,10.);
#467=VECTOR('',#1709,10.);
#468=VECTOR('',#1710,10.);
#469=VECTOR('',#1713,10.);
#470=VECTOR('',#1714,10.);
#471=VECTOR('',#1715,10.);
#472=VECTOR('',#1720,10.);
#473=VECTOR('',#1725,10.);
#474=VECTOR('',#1728,10.);
#475=VECTOR('',#1733,10.);
#476=VECTOR('',#1738,10.);
#477=VECTOR('',#1741,10.);
#478=VECTOR('',#1754,10.);
#479=VECTOR('',#1757,10.);
#480=VECTOR('',#1760,10.);
#481=VECTOR('',#1763,10.);
#482=VECTOR('',#1766,10.);
#483=VECTOR('',#1769,10.);
#484=VECTOR('',#1772,9.99999999999999);
#485=VECTOR('',#1775,10.);
#486=VECTOR('',#1778,10.);
#487=VECTOR('',#1783,10.);
#488=VECTOR('',#1784,10.);
#489=VECTOR('',#1787,10.);
#490=VECTOR('',#1790,10.);
#491=VECTOR('',#1793,10.);
#492=VECTOR('',#1794,10.);
#493=VECTOR('',#1797,10.);
#494=VECTOR('',#1800,10.);
#495=VECTOR('',#1803,10.);
#496=VECTOR('',#1806,10.);
#497=VECTOR('',#1811,10.);
#498=VECTOR('',#1814,10.);
#499=VECTOR('',#1821,1.55);
#500=VECTOR('',#1828,1.55);
#501=VECTOR('',#1835,1.55);
#502=VECTOR('',#1842,1.55);
#503=VECTOR('',#1851,1.55);
#504=VECTOR('',#1860,1.55);
#505=VECTOR('',#1869,1.55);
#506=VECTOR('',#1876,2.75);
#507=VECTOR('',#1879,2.75);
#508=VECTOR('',#1882,2.75);
#509=VECTOR('',#1885,2.75);
#510=CIRCLE('',#1366,3.75);
#511=CIRCLE('',#1367,2.75);
#512=CIRCLE('',#1369,30.5);
#513=CIRCLE('',#1370,3.75);
#514=CIRCLE('',#1371,3.75);
#515=CIRCLE('',#1373,2.75);
#516=CIRCLE('',#1375,2.75);
#517=CIRCLE('',#1377,2.75);
#518=CIRCLE('',#1379,2.75);
#519=CIRCLE('',#1381,2.75);
#520=CIRCLE('',#1383,2.75);
#521=CIRCLE('',#1384,2.75);
#522=CIRCLE('',#1385,2.75);
#523=CIRCLE('',#1386,2.75);
#524=CIRCLE('',#1387,2.75);
#525=CIRCLE('',#1388,2.75);
#526=CIRCLE('',#1389,2.75);
#527=CIRCLE('',#1390,2.75);
#528=CIRCLE('',#1391,30.5);
#529=CIRCLE('',#1395,2.94);
#530=CIRCLE('',#1396,2.94);
#531=CIRCLE('',#1401,2.94);
#532=CIRCLE('',#1402,2.94);
#533=CIRCLE('',#1404,0.999999999999999);
#534=CIRCLE('',#1405,0.999999999999999);
#535=CIRCLE('',#1408,0.999999999999996);
#536=CIRCLE('',#1409,0.999999999999996);
#537=CIRCLE('',#1412,1.2);
#538=CIRCLE('',#1418,1.2);
#539=CIRCLE('',#1421,1.19999999999999);
#540=CIRCLE('',#1424,1.20000000000001);
#541=CIRCLE('',#1427,2.2);
#542=CIRCLE('',#1428,2.2);
#543=CIRCLE('',#1429,2.2);
#544=CIRCLE('',#1430,1.55);
#545=CIRCLE('',#1431,1.55);
#546=CIRCLE('',#1432,1.55);
#547=CIRCLE('',#1436,3.94);
#548=CIRCLE('',#1438,3.94);
#549=CIRCLE('',#1441,3.94);
#550=CIRCLE('',#1443,3.94);
#551=CIRCLE('',#1446,1.55);
#552=CIRCLE('',#1447,1.55);
#553=CIRCLE('',#1448,1.55);
#554=CIRCLE('',#1449,1.55);
#555=CIRCLE('',#1450,3.4);
#556=CIRCLE('',#1451,3.4);
#557=CIRCLE('',#1452,3.4);
#558=CIRCLE('',#1454,3.4);
#559=CIRCLE('',#1455,3.4);
#560=CIRCLE('',#1456,3.4);
#561=CIRCLE('',#1457,2.2);
#562=CIRCLE('',#1458,2.2);
#563=CIRCLE('',#1459,2.2);
#564=CIRCLE('',#1473,1.55);
#565=CIRCLE('',#1476,1.55);
#566=CIRCLE('',#1479,1.55);
#567=CIRCLE('',#1482,1.55);
#568=CIRCLE('',#1484,2.75);
#569=CIRCLE('',#1486,1.55);
#570=CIRCLE('',#1488,2.75);
#571=CIRCLE('',#1490,1.55);
#572=CIRCLE('',#1492,2.75);
#573=CIRCLE('',#1494,1.55);
#574=CIRCLE('',#1496,2.75);
#575=VERTEX_POINT('',#1888);
#576=VERTEX_POINT('',#1890);
#577=VERTEX_POINT('',#1894);
#578=VERTEX_POINT('',#1896);
#579=VERTEX_POINT('',#1898);
#580=VERTEX_POINT('',#1901);
#581=VERTEX_POINT('',#1905);
#582=VERTEX_POINT('',#1909);
#583=VERTEX_POINT('',#1913);
#584=VERTEX_POINT('',#1917);
#585=VERTEX_POINT('',#1921);
#586=VERTEX_POINT('',#1922);
#587=VERTEX_POINT('',#1924);
#588=VERTEX_POINT('',#1926);
#589=VERTEX_POINT('',#1994);
#590=VERTEX_POINT('',#2056);
#591=VERTEX_POINT('',#2058);
#592=VERTEX_POINT('',#2060);
#593=VERTEX_POINT('',#2179);
#594=VERTEX_POINT('',#2181);
#595=VERTEX_POINT('',#2183);
#596=VERTEX_POINT('',#2341);
#597=VERTEX_POINT('',#2343);
#598=VERTEX_POINT('',#2463);
#599=VERTEX_POINT('',#2468);
#600=VERTEX_POINT('',#2526);
#601=VERTEX_POINT('',#2633);
#602=VERTEX_POINT('',#2634);
#603=VERTEX_POINT('',#2636);
#604=VERTEX_POINT('',#2638);
#605=VERTEX_POINT('',#2642);
#606=VERTEX_POINT('',#2644);
#607=VERTEX_POINT('',#2648);
#608=VERTEX_POINT('',#2649);
#609=VERTEX_POINT('',#2651);
#610=VERTEX_POINT('',#2653);
#611=VERTEX_POINT('',#2655);
#612=VERTEX_POINT('',#2657);
#613=VERTEX_POINT('',#2661);
#614=VERTEX_POINT('',#2663);
#615=VERTEX_POINT('',#2667);
#616=VERTEX_POINT('',#2669);
#617=VERTEX_POINT('',#2673);
#618=VERTEX_POINT('',#2674);
#619=VERTEX_POINT('',#2676);
#620=VERTEX_POINT('',#2678);
#621=VERTEX_POINT('',#2682);
#622=VERTEX_POINT('',#2684);
#623=VERTEX_POINT('',#2688);
#624=VERTEX_POINT('',#2690);
#625=VERTEX_POINT('',#2694);
#626=VERTEX_POINT('',#2695);
#627=VERTEX_POINT('',#2700);
#628=VERTEX_POINT('',#2702);
#629=VERTEX_POINT('',#2704);
#630=VERTEX_POINT('',#2706);
#631=VERTEX_POINT('',#2710);
#632=VERTEX_POINT('',#2712);
#633=VERTEX_POINT('',#2714);
#634=VERTEX_POINT('',#2716);
#635=VERTEX_POINT('',#2720);
#636=VERTEX_POINT('',#2722);
#637=VERTEX_POINT('',#2726);
#638=VERTEX_POINT('',#2728);
#639=VERTEX_POINT('',#2730);
#640=VERTEX_POINT('',#2732);
#641=VERTEX_POINT('',#2740);
#642=VERTEX_POINT('',#2744);
#643=VERTEX_POINT('',#2748);
#644=VERTEX_POINT('',#2752);
#645=VERTEX_POINT('',#2756);
#646=VERTEX_POINT('',#2985);
#647=VERTEX_POINT('',#2987);
#648=VERTEX_POINT('',#2989);
#649=VERTEX_POINT('',#3025);
#650=VERTEX_POINT('',#3141);
#651=VERTEX_POINT('',#3145);
#652=VERTEX_POINT('',#3146);
#653=VERTEX_POINT('',#3148);
#654=VERTEX_POINT('',#3150);
#655=VERTEX_POINT('',#3152);
#656=VERTEX_POINT('',#3154);
#657=VERTEX_POINT('',#3157);
#658=VERTEX_POINT('',#3159);
#659=VERTEX_POINT('',#3161);
#660=VERTEX_POINT('',#3164);
#661=VERTEX_POINT('',#3166);
#662=VERTEX_POINT('',#3170);
#663=VERTEX_POINT('',#3171);
#664=VERTEX_POINT('',#3176);
#665=VERTEX_POINT('',#3180);
#666=VERTEX_POINT('',#3186);
#667=VERTEX_POINT('',#3190);
#668=VERTEX_POINT('',#3196);
#669=VERTEX_POINT('',#3198);
#670=VERTEX_POINT('',#3200);
#671=VERTEX_POINT('',#3202);
#672=VERTEX_POINT('',#3204);
#673=VERTEX_POINT('',#3205);
#674=VERTEX_POINT('',#3207);
#675=VERTEX_POINT('',#3209);
#676=VERTEX_POINT('',#3211);
#677=VERTEX_POINT('',#3213);
#678=VERTEX_POINT('',#3217);
#679=VERTEX_POINT('',#3218);
#680=VERTEX_POINT('',#3220);
#681=VERTEX_POINT('',#3222);
#682=VERTEX_POINT('',#3224);
#683=VERTEX_POINT('',#3226);
#684=VERTEX_POINT('',#3229);
#685=VERTEX_POINT('',#3230);
#686=VERTEX_POINT('',#3232);
#687=VERTEX_POINT('',#3234);
#688=VERTEX_POINT('',#3236);
#689=VERTEX_POINT('',#3238);
#690=VERTEX_POINT('',#3266);
#691=VERTEX_POINT('',#3271);
#692=VERTEX_POINT('',#3276);
#693=VERTEX_POINT('',#3281);
#694=VERTEX_POINT('',#3285);
#695=VERTEX_POINT('',#3288);
#696=VERTEX_POINT('',#3292);
#697=VERTEX_POINT('',#3295);
#698=VERTEX_POINT('',#3299);
#699=VERTEX_POINT('',#3302);
#700=VERTEX_POINT('',#3306);
#701=VERTEX_POINT('',#3758);
#702=EDGE_CURVE('',#575,#575,#510,.T.);
#703=EDGE_CURVE('',#575,#576,#288,.T.);
#704=EDGE_CURVE('',#576,#576,#511,.T.);
#705=EDGE_CURVE('',#577,#577,#512,.T.);
#706=EDGE_CURVE('',#578,#578,#513,.T.);
#707=EDGE_CURVE('',#579,#579,#514,.T.);
#708=EDGE_CURVE('',#576,#580,#289,.T.);
#709=EDGE_CURVE('',#580,#580,#515,.T.);
#710=EDGE_CURVE('',#578,#581,#290,.T.);
#711=EDGE_CURVE('',#581,#581,#516,.T.);
#712=EDGE_CURVE('',#581,#582,#291,.T.);
#713=EDGE_CURVE('',#582,#582,#517,.T.);
#714=EDGE_CURVE('',#579,#583,#292,.T.);
#715=EDGE_CURVE('',#583,#583,#518,.T.);
#716=EDGE_CURVE('',#583,#584,#293,.T.);
#717=EDGE_CURVE('',#584,#584,#519,.T.);
#718=EDGE_CURVE('',#585,#586,#520,.T.);
#719=EDGE_CURVE('',#586,#587,#521,.T.);
#720=EDGE_CURVE('',#588,#587,#17,.T.);
#721=EDGE_CURVE('',#589,#588,#18,.T.);
#722=EDGE_CURVE('',#589,#590,#522,.T.);
#723=EDGE_CURVE('',#590,#591,#523,.T.);
#724=EDGE_CURVE('',#592,#591,#19,.T.);
#725=EDGE_CURVE('',#592,#593,#524,.T.);
#726=EDGE_CURVE('',#593,#594,#525,.T.);
#727=EDGE_CURVE('',#595,#594,#20,.T.);
#728=EDGE_CURVE('',#595,#596,#526,.T.);
#729=EDGE_CURVE('',#596,#597,#527,.T.);
#730=EDGE_CURVE('',#585,#597,#21,.T.);
#731=EDGE_CURVE('',#598,#598,#528,.T.);
#732=EDGE_CURVE('',#598,#577,#294,.T.);
#733=EDGE_CURVE('',#599,#599,#22,.T.);
#734=EDGE_CURVE('',#600,#600,#23,.F.);
#735=EDGE_CURVE('',#601,#602,#529,.T.);
#736=EDGE_CURVE('',#602,#603,#295,.T.);
#737=EDGE_CURVE('',#604,#603,#530,.F.);
#738=EDGE_CURVE('',#601,#604,#296,.T.);
#739=EDGE_CURVE('',#605,#601,#297,.T.);
#740=EDGE_CURVE('',#606,#604,#298,.F.);
#741=EDGE_CURVE('',#605,#606,#299,.T.);
#742=EDGE_CURVE('',#607,#608,#300,.T.);
#743=EDGE_CURVE('',#609,#608,#301,.F.);
#744=EDGE_CURVE('',#609,#610,#302,.T.);
#745=EDGE_CURVE('',#610,#611,#303,.T.);
#746=EDGE_CURVE('',#612,#611,#304,.F.);
#747=EDGE_CURVE('',#607,#612,#305,.T.);
#748=EDGE_CURVE('',#613,#607,#306,.T.);
#749=EDGE_CURVE('',#614,#612,#307,.F.);
#750=EDGE_CURVE('',#613,#614,#308,.T.);
#751=EDGE_CURVE('',#615,#613,#531,.T.);
#752=EDGE_CURVE('',#616,#614,#532,.F.);
#753=EDGE_CURVE('',#615,#616,#309,.T.);
#754=EDGE_CURVE('',#617,#618,#533,.F.);
#755=EDGE_CURVE('',#619,#617,#310,.T.);
#756=EDGE_CURVE('',#620,#619,#534,.T.);
#757=EDGE_CURVE('',#620,#618,#311,.T.);
#758=EDGE_CURVE('',#621,#617,#312,.F.);
#759=EDGE_CURVE('',#622,#621,#313,.T.);
#760=EDGE_CURVE('',#619,#622,#314,.T.);
#761=EDGE_CURVE('',#623,#621,#535,.F.);
#762=EDGE_CURVE('',#624,#623,#315,.T.);
#763=EDGE_CURVE('',#622,#624,#536,.T.);
#764=EDGE_CURVE('',#625,#626,#316,.T.);
#765=EDGE_CURVE('',#626,#610,#317,.T.);
#766=EDGE_CURVE('',#609,#625,#318,.F.);
#767=EDGE_CURVE('',#611,#627,#319,.T.);
#768=EDGE_CURVE('',#628,#626,#320,.T.);
#769=EDGE_CURVE('',#629,#628,#537,.T.);
#770=EDGE_CURVE('',#629,#630,#321,.F.);
#771=EDGE_CURVE('',#627,#630,#322,.T.);
#772=EDGE_CURVE('',#631,#605,#323,.T.);
#773=EDGE_CURVE('',#632,#606,#324,.F.);
#774=EDGE_CURVE('',#632,#633,#325,.T.);
#775=EDGE_CURVE('',#633,#634,#326,.T.);
#776=EDGE_CURVE('',#631,#634,#327,.F.);
#777=EDGE_CURVE('',#633,#635,#328,.T.);
#778=EDGE_CURVE('',#635,#636,#329,.T.);
#779=EDGE_CURVE('',#636,#634,#330,.F.);
#780=EDGE_CURVE('',#637,#632,#331,.T.);
#781=EDGE_CURVE('',#637,#638,#332,.T.);
#782=EDGE_CURVE('',#639,#638,#333,.F.);
#783=EDGE_CURVE('',#639,#640,#334,.T.);
#784=EDGE_CURVE('',#640,#635,#335,.T.);
#785=EDGE_CURVE('',#627,#637,#336,.T.);
#786=EDGE_CURVE('',#603,#623,#337,.F.);
#787=EDGE_CURVE('',#618,#616,#338,.F.);
#788=EDGE_CURVE('',#641,#629,#339,.F.);
#789=EDGE_CURVE('',#641,#640,#538,.F.);
#790=EDGE_CURVE('',#636,#642,#340,.T.);
#791=EDGE_CURVE('',#642,#640,#341,.T.);
#792=EDGE_CURVE('',#642,#643,#539,.T.);
#793=EDGE_CURVE('',#641,#643,#342,.T.);
#794=EDGE_CURVE('',#643,#644,#343,.F.);
#795=EDGE_CURVE('',#644,#629,#344,.T.);
#796=EDGE_CURVE('',#644,#645,#540,.T.);
#797=EDGE_CURVE('',#628,#645,#345,.T.);
#798=EDGE_CURVE('',#645,#625,#346,.T.);
#799=EDGE_CURVE('',#608,#646,#347,.F.);
#800=EDGE_CURVE('',#646,#647,#348,.F.);
#801=EDGE_CURVE('',#648,#647,#24,.T.);
#802=EDGE_CURVE('',#600,#648,#349,.T.);
#803=EDGE_CURVE('',#649,#648,#25,.T.);
#804=EDGE_CURVE('',#649,#650,#350,.F.);
#805=EDGE_CURVE('',#650,#631,#351,.F.);
#806=EDGE_CURVE('',#651,#652,#541,.T.);
#807=EDGE_CURVE('',#652,#653,#352,.T.);
#808=EDGE_CURVE('',#653,#654,#542,.T.);
#809=EDGE_CURVE('',#654,#655,#353,.T.);
#810=EDGE_CURVE('',#655,#656,#543,.T.);
#811=EDGE_CURVE('',#656,#651,#354,.T.);
#812=EDGE_CURVE('',#657,#657,#544,.T.);
#813=EDGE_CURVE('',#658,#658,#545,.T.);
#814=EDGE_CURVE('',#659,#659,#546,.T.);
#815=EDGE_CURVE('',#602,#660,#355,.T.);
#816=EDGE_CURVE('',#660,#661,#356,.T.);
#817=EDGE_CURVE('',#624,#661,#357,.T.);
#818=EDGE_CURVE('',#662,#663,#358,.T.);
#819=EDGE_CURVE('',#663,#615,#359,.T.);
#820=EDGE_CURVE('',#662,#620,#360,.T.);
#821=EDGE_CURVE('',#660,#664,#547,.T.);
#822=EDGE_CURVE('',#664,#650,#361,.T.);
#823=EDGE_CURVE('',#661,#665,#548,.T.);
#824=EDGE_CURVE('',#665,#664,#362,.T.);
#825=EDGE_CURVE('',#665,#649,#363,.T.);
#826=EDGE_CURVE('',#666,#663,#549,.T.);
#827=EDGE_CURVE('',#646,#666,#364,.T.);
#828=EDGE_CURVE('',#667,#662,#550,.T.);
#829=EDGE_CURVE('',#667,#666,#365,.T.);
#830=EDGE_CURVE('',#647,#667,#366,.T.);
#831=EDGE_CURVE('',#668,#668,#551,.T.);
#832=EDGE_CURVE('',#669,#669,#552,.T.);
#833=EDGE_CURVE('',#670,#670,#553,.T.);
#834=EDGE_CURVE('',#671,#671,#554,.T.);
#835=EDGE_CURVE('',#672,#673,#555,.T.);
#836=EDGE_CURVE('',#673,#674,#367,.T.);
#837=EDGE_CURVE('',#674,#675,#556,.T.);
#838=EDGE_CURVE('',#675,#676,#368,.T.);
#839=EDGE_CURVE('',#676,#677,#557,.T.);
#840=EDGE_CURVE('',#677,#672,#369,.T.);
#841=EDGE_CURVE('',#678,#679,#370,.F.);
#842=EDGE_CURVE('',#680,#678,#558,.F.);
#843=EDGE_CURVE('',#681,#680,#371,.F.);
#844=EDGE_CURVE('',#682,#681,#559,.F.);
#845=EDGE_CURVE('',#683,#682,#372,.F.);
#846=EDGE_CURVE('',#679,#683,#560,.F.);
#847=EDGE_CURVE('',#684,#685,#373,.F.);
#848=EDGE_CURVE('',#686,#684,#561,.F.);
#849=EDGE_CURVE('',#687,#686,#374,.F.);
#850=EDGE_CURVE('',#688,#687,#562,.F.);
#851=EDGE_CURVE('',#689,#688,#375,.F.);
#852=EDGE_CURVE('',#685,#689,#563,.F.);
#853=EDGE_CURVE('',#672,#682,#376,.T.);
#854=EDGE_CURVE('',#677,#683,#377,.T.);
#855=EDGE_CURVE('',#676,#679,#378,.T.);
#856=EDGE_CURVE('',#675,#678,#379,.T.);
#857=EDGE_CURVE('',#651,#688,#380,.T.);
#858=EDGE_CURVE('',#656,#689,#381,.T.);
#859=EDGE_CURVE('',#655,#685,#382,.T.);
#860=EDGE_CURVE('',#654,#684,#383,.T.);
#861=EDGE_CURVE('',#674,#680,#384,.T.);
#862=EDGE_CURVE('',#673,#681,#385,.T.);
#863=EDGE_CURVE('',#653,#686,#386,.T.);
#864=EDGE_CURVE('',#652,#687,#387,.T.);
#865=EDGE_CURVE('',#690,#690,#564,.T.);
#866=EDGE_CURVE('',#690,#659,#388,.T.);
#867=EDGE_CURVE('',#691,#691,#565,.T.);
#868=EDGE_CURVE('',#691,#658,#389,.T.);
#869=EDGE_CURVE('',#692,#692,#566,.T.);
#870=EDGE_CURVE('',#692,#657,#390,.T.);
#871=EDGE_CURVE('',#693,#693,#567,.T.);
#872=EDGE_CURVE('',#693,#671,#391,.T.);
#873=EDGE_CURVE('',#694,#694,#568,.T.);
#874=EDGE_CURVE('',#695,#695,#569,.T.);
#875=EDGE_CURVE('',#695,#670,#392,.T.);
#876=EDGE_CURVE('',#696,#696,#570,.T.);
#877=EDGE_CURVE('',#697,#697,#571,.T.);
#878=EDGE_CURVE('',#697,#669,#393,.T.);
#879=EDGE_CURVE('',#698,#698,#572,.T.);
#880=EDGE_CURVE('',#699,#699,#573,.T.);
#881=EDGE_CURVE('',#699,#668,#394,.T.);
#882=EDGE_CURVE('',#700,#700,#574,.T.);
#883=EDGE_CURVE('',#597,#595,#26,.T.);
#884=EDGE_CURVE('',#596,#694,#395,.T.);
#885=EDGE_CURVE('',#591,#589,#27,.T.);
#886=EDGE_CURVE('',#590,#696,#396,.T.);
#887=EDGE_CURVE('',#594,#592,#28,.T.);
#888=EDGE_CURVE('',#593,#698,#397,.T.);
#889=EDGE_CURVE('',#587,#585,#29,.T.);
#890=EDGE_CURVE('',#586,#700,#398,.T.);
#891=EDGE_CURVE('',#701,#599,#30,.T.);
#892=EDGE_CURVE('',#588,#701,#31,.T.);
#893=ORIENTED_EDGE('',*,*,#702,.T.);
#894=ORIENTED_EDGE('',*,*,#703,.T.);
#895=ORIENTED_EDGE('',*,*,#704,.T.);
#896=ORIENTED_EDGE('',*,*,#703,.F.);
#897=ORIENTED_EDGE('',*,*,#705,.T.);
#898=ORIENTED_EDGE('',*,*,#706,.F.);
#899=ORIENTED_EDGE('',*,*,#707,.F.);
#900=ORIENTED_EDGE('',*,*,#702,.F.);
#901=ORIENTED_EDGE('',*,*,#704,.F.);
#902=ORIENTED_EDGE('',*,*,#708,.T.);
#903=ORIENTED_EDGE('',*,*,#709,.T.);
#904=ORIENTED_EDGE('',*,*,#708,.F.);
#905=ORIENTED_EDGE('',*,*,#706,.T.);
#906=ORIENTED_EDGE('',*,*,#710,.T.);
#907=ORIENTED_EDGE('',*,*,#711,.T.);
#908=ORIENTED_EDGE('',*,*,#710,.F.);
#909=ORIENTED_EDGE('',*,*,#711,.F.);
#910=ORIENTED_EDGE('',*,*,#712,.T.);
#911=ORIENTED_EDGE('',*,*,#713,.T.);
#912=ORIENTED_EDGE('',*,*,#712,.F.);
#913=ORIENTED_EDGE('',*,*,#707,.T.);
#914=ORIENTED_EDGE('',*,*,#714,.T.);
#915=ORIENTED_EDGE('',*,*,#715,.T.);
#916=ORIENTED_EDGE('',*,*,#714,.F.);
#917=ORIENTED_EDGE('',*,*,#715,.F.);
#918=ORIENTED_EDGE('',*,*,#716,.T.);
#919=ORIENTED_EDGE('',*,*,#717,.T.);
#920=ORIENTED_EDGE('',*,*,#716,.F.);
#921=ORIENTED_EDGE('',*,*,#718,.T.);
#922=ORIENTED_EDGE('',*,*,#719,.T.);
#923=ORIENTED_EDGE('',*,*,#720,.F.);
#924=ORIENTED_EDGE('',*,*,#721,.F.);
#925=ORIENTED_EDGE('',*,*,#722,.T.);
#926=ORIENTED_EDGE('',*,*,#723,.T.);
#927=ORIENTED_EDGE('',*,*,#724,.F.);
#928=ORIENTED_EDGE('',*,*,#725,.T.);
#929=ORIENTED_EDGE('',*,*,#726,.T.);
#930=ORIENTED_EDGE('',*,*,#727,.F.);
#931=ORIENTED_EDGE('',*,*,#728,.T.);
#932=ORIENTED_EDGE('',*,*,#729,.T.);
#933=ORIENTED_EDGE('',*,*,#730,.F.);
#934=ORIENTED_EDGE('',*,*,#731,.T.);
#935=ORIENTED_EDGE('',*,*,#731,.F.);
#936=ORIENTED_EDGE('',*,*,#732,.T.);
#937=ORIENTED_EDGE('',*,*,#705,.F.);
#938=ORIENTED_EDGE('',*,*,#732,.F.);
#939=ORIENTED_EDGE('',*,*,#733,.F.);
#940=ORIENTED_EDGE('',*,*,#734,.T.);
#941=ORIENTED_EDGE('',*,*,#735,.T.);
#942=ORIENTED_EDGE('',*,*,#736,.T.);
#943=ORIENTED_EDGE('',*,*,#737,.F.);
#944=ORIENTED_EDGE('',*,*,#738,.F.);
#945=ORIENTED_EDGE('',*,*,#739,.T.);
#946=ORIENTED_EDGE('',*,*,#738,.T.);
#947=ORIENTED_EDGE('',*,*,#740,.F.);
#948=ORIENTED_EDGE('',*,*,#741,.F.);
#949=ORIENTED_EDGE('',*,*,#742,.T.);
#950=ORIENTED_EDGE('',*,*,#743,.F.);
#951=ORIENTED_EDGE('',*,*,#744,.T.);
#952=ORIENTED_EDGE('',*,*,#745,.T.);
#953=ORIENTED_EDGE('',*,*,#746,.F.);
#954=ORIENTED_EDGE('',*,*,#747,.F.);
#955=ORIENTED_EDGE('',*,*,#748,.T.);
#956=ORIENTED_EDGE('',*,*,#747,.T.);
#957=ORIENTED_EDGE('',*,*,#749,.F.);
#958=ORIENTED_EDGE('',*,*,#750,.F.);
#959=ORIENTED_EDGE('',*,*,#751,.T.);
#960=ORIENTED_EDGE('',*,*,#750,.T.);
#961=ORIENTED_EDGE('',*,*,#752,.F.);
#962=ORIENTED_EDGE('',*,*,#753,.F.);
#963=ORIENTED_EDGE('',*,*,#754,.F.);
#964=ORIENTED_EDGE('',*,*,#755,.F.);
#965=ORIENTED_EDGE('',*,*,#756,.F.);
#966=ORIENTED_EDGE('',*,*,#757,.T.);
#967=ORIENTED_EDGE('',*,*,#758,.F.);
#968=ORIENTED_EDGE('',*,*,#759,.F.);
#969=ORIENTED_EDGE('',*,*,#760,.F.);
#970=ORIENTED_EDGE('',*,*,#755,.T.);
#971=ORIENTED_EDGE('',*,*,#761,.F.);
#972=ORIENTED_EDGE('',*,*,#762,.F.);
#973=ORIENTED_EDGE('',*,*,#763,.F.);
#974=ORIENTED_EDGE('',*,*,#759,.T.);
#975=ORIENTED_EDGE('',*,*,#764,.T.);
#976=ORIENTED_EDGE('',*,*,#765,.T.);
#977=ORIENTED_EDGE('',*,*,#744,.F.);
#978=ORIENTED_EDGE('',*,*,#766,.T.);
#979=ORIENTED_EDGE('',*,*,#767,.F.);
#980=ORIENTED_EDGE('',*,*,#745,.F.);
#981=ORIENTED_EDGE('',*,*,#765,.F.);
#982=ORIENTED_EDGE('',*,*,#768,.F.);
#983=ORIENTED_EDGE('',*,*,#769,.F.);
#984=ORIENTED_EDGE('',*,*,#770,.T.);
#985=ORIENTED_EDGE('',*,*,#771,.F.);
#986=ORIENTED_EDGE('',*,*,#772,.T.);
#987=ORIENTED_EDGE('',*,*,#741,.T.);
#988=ORIENTED_EDGE('',*,*,#773,.F.);
#989=ORIENTED_EDGE('',*,*,#774,.T.);
#990=ORIENTED_EDGE('',*,*,#775,.T.);
#991=ORIENTED_EDGE('',*,*,#776,.F.);
#992=ORIENTED_EDGE('',*,*,#775,.F.);
#993=ORIENTED_EDGE('',*,*,#777,.T.);
#994=ORIENTED_EDGE('',*,*,#778,.T.);
#995=ORIENTED_EDGE('',*,*,#779,.T.);
#996=ORIENTED_EDGE('',*,*,#780,.F.);
#997=ORIENTED_EDGE('',*,*,#781,.T.);
#998=ORIENTED_EDGE('',*,*,#782,.F.);
#999=ORIENTED_EDGE('',*,*,#783,.T.);
#1000=ORIENTED_EDGE('',*,*,#784,.T.);
#1001=ORIENTED_EDGE('',*,*,#777,.F.);
#1002=ORIENTED_EDGE('',*,*,#774,.F.);
#1003=ORIENTED_EDGE('',*,*,#767,.T.);
#1004=ORIENTED_EDGE('',*,*,#785,.T.);
#1005=ORIENTED_EDGE('',*,*,#780,.T.);
#1006=ORIENTED_EDGE('',*,*,#773,.T.);
#1007=ORIENTED_EDGE('',*,*,#740,.T.);
#1008=ORIENTED_EDGE('',*,*,#737,.T.);
#1009=ORIENTED_EDGE('',*,*,#786,.T.);
#1010=ORIENTED_EDGE('',*,*,#761,.T.);
#1011=ORIENTED_EDGE('',*,*,#758,.T.);
#1012=ORIENTED_EDGE('',*,*,#754,.T.);
#1013=ORIENTED_EDGE('',*,*,#787,.T.);
#1014=ORIENTED_EDGE('',*,*,#752,.T.);
#1015=ORIENTED_EDGE('',*,*,#749,.T.);
#1016=ORIENTED_EDGE('',*,*,#746,.T.);
#1017=ORIENTED_EDGE('',*,*,#781,.F.);
#1018=ORIENTED_EDGE('',*,*,#785,.F.);
#1019=ORIENTED_EDGE('',*,*,#771,.T.);
#1020=ORIENTED_EDGE('',*,*,#770,.F.);
#1021=ORIENTED_EDGE('',*,*,#788,.F.);
#1022=ORIENTED_EDGE('',*,*,#789,.T.);
#1023=ORIENTED_EDGE('',*,*,#783,.F.);
#1024=ORIENTED_EDGE('',*,*,#782,.T.);
#1025=ORIENTED_EDGE('',*,*,#790,.F.);
#1026=ORIENTED_EDGE('',*,*,#778,.F.);
#1027=ORIENTED_EDGE('',*,*,#784,.F.);
#1028=ORIENTED_EDGE('',*,*,#791,.F.);
#1029=ORIENTED_EDGE('',*,*,#792,.F.);
#1030=ORIENTED_EDGE('',*,*,#791,.T.);
#1031=ORIENTED_EDGE('',*,*,#789,.F.);
#1032=ORIENTED_EDGE('',*,*,#793,.T.);
#1033=ORIENTED_EDGE('',*,*,#794,.F.);
#1034=ORIENTED_EDGE('',*,*,#793,.F.);
#1035=ORIENTED_EDGE('',*,*,#788,.T.);
#1036=ORIENTED_EDGE('',*,*,#795,.F.);
#1037=ORIENTED_EDGE('',*,*,#796,.F.);
#1038=ORIENTED_EDGE('',*,*,#795,.T.);
#1039=ORIENTED_EDGE('',*,*,#769,.T.);
#1040=ORIENTED_EDGE('',*,*,#797,.T.);
#1041=ORIENTED_EDGE('',*,*,#798,.F.);
#1042=ORIENTED_EDGE('',*,*,#797,.F.);
#1043=ORIENTED_EDGE('',*,*,#768,.T.);
#1044=ORIENTED_EDGE('',*,*,#764,.F.);
#1045=ORIENTED_EDGE('',*,*,#799,.T.);
#1046=ORIENTED_EDGE('',*,*,#800,.T.);
#1047=ORIENTED_EDGE('',*,*,#801,.F.);
#1048=ORIENTED_EDGE('',*,*,#802,.F.);
#1049=ORIENTED_EDGE('',*,*,#734,.F.);
#1050=ORIENTED_EDGE('',*,*,#802,.T.);
#1051=ORIENTED_EDGE('',*,*,#803,.F.);
#1052=ORIENTED_EDGE('',*,*,#804,.T.);
#1053=ORIENTED_EDGE('',*,*,#805,.T.);
#1054=ORIENTED_EDGE('',*,*,#776,.T.);
#1055=ORIENTED_EDGE('',*,*,#779,.F.);
#1056=ORIENTED_EDGE('',*,*,#790,.T.);
#1057=ORIENTED_EDGE('',*,*,#792,.T.);
#1058=ORIENTED_EDGE('',*,*,#794,.T.);
#1059=ORIENTED_EDGE('',*,*,#796,.T.);
#1060=ORIENTED_EDGE('',*,*,#798,.T.);
#1061=ORIENTED_EDGE('',*,*,#766,.F.);
#1062=ORIENTED_EDGE('',*,*,#743,.T.);
#1063=ORIENTED_EDGE('',*,*,#806,.T.);
#1064=ORIENTED_EDGE('',*,*,#807,.T.);
#1065=ORIENTED_EDGE('',*,*,#808,.T.);
#1066=ORIENTED_EDGE('',*,*,#809,.T.);
#1067=ORIENTED_EDGE('',*,*,#810,.T.);
#1068=ORIENTED_EDGE('',*,*,#811,.T.);
#1069=ORIENTED_EDGE('',*,*,#812,.T.);
#1070=ORIENTED_EDGE('',*,*,#813,.T.);
#1071=ORIENTED_EDGE('',*,*,#814,.T.);
#1072=ORIENTED_EDGE('',*,*,#815,.T.);
#1073=ORIENTED_EDGE('',*,*,#816,.T.);
#1074=ORIENTED_EDGE('',*,*,#817,.F.);
#1075=ORIENTED_EDGE('',*,*,#762,.T.);
#1076=ORIENTED_EDGE('',*,*,#786,.F.);
#1077=ORIENTED_EDGE('',*,*,#736,.F.);
#1078=ORIENTED_EDGE('',*,*,#818,.T.);
#1079=ORIENTED_EDGE('',*,*,#819,.T.);
#1080=ORIENTED_EDGE('',*,*,#753,.T.);
#1081=ORIENTED_EDGE('',*,*,#787,.F.);
#1082=ORIENTED_EDGE('',*,*,#757,.F.);
#1083=ORIENTED_EDGE('',*,*,#820,.F.);
#1084=ORIENTED_EDGE('',*,*,#821,.F.);
#1085=ORIENTED_EDGE('',*,*,#815,.F.);
#1086=ORIENTED_EDGE('',*,*,#735,.F.);
#1087=ORIENTED_EDGE('',*,*,#739,.F.);
#1088=ORIENTED_EDGE('',*,*,#772,.F.);
#1089=ORIENTED_EDGE('',*,*,#805,.F.);
#1090=ORIENTED_EDGE('',*,*,#822,.F.);
#1091=ORIENTED_EDGE('',*,*,#823,.F.);
#1092=ORIENTED_EDGE('',*,*,#816,.F.);
#1093=ORIENTED_EDGE('',*,*,#821,.T.);
#1094=ORIENTED_EDGE('',*,*,#824,.F.);
#1095=ORIENTED_EDGE('',*,*,#825,.F.);
#1096=ORIENTED_EDGE('',*,*,#824,.T.);
#1097=ORIENTED_EDGE('',*,*,#822,.T.);
#1098=ORIENTED_EDGE('',*,*,#804,.F.);
#1099=ORIENTED_EDGE('',*,*,#826,.F.);
#1100=ORIENTED_EDGE('',*,*,#827,.F.);
#1101=ORIENTED_EDGE('',*,*,#799,.F.);
#1102=ORIENTED_EDGE('',*,*,#742,.F.);
#1103=ORIENTED_EDGE('',*,*,#748,.F.);
#1104=ORIENTED_EDGE('',*,*,#751,.F.);
#1105=ORIENTED_EDGE('',*,*,#819,.F.);
#1106=ORIENTED_EDGE('',*,*,#828,.F.);
#1107=ORIENTED_EDGE('',*,*,#829,.T.);
#1108=ORIENTED_EDGE('',*,*,#826,.T.);
#1109=ORIENTED_EDGE('',*,*,#818,.F.);
#1110=ORIENTED_EDGE('',*,*,#830,.F.);
#1111=ORIENTED_EDGE('',*,*,#800,.F.);
#1112=ORIENTED_EDGE('',*,*,#827,.T.);
#1113=ORIENTED_EDGE('',*,*,#829,.F.);
#1114=ORIENTED_EDGE('',*,*,#830,.T.);
#1115=ORIENTED_EDGE('',*,*,#828,.T.);
#1116=ORIENTED_EDGE('',*,*,#820,.T.);
#1117=ORIENTED_EDGE('',*,*,#756,.T.);
#1118=ORIENTED_EDGE('',*,*,#760,.T.);
#1119=ORIENTED_EDGE('',*,*,#763,.T.);
#1120=ORIENTED_EDGE('',*,*,#817,.T.);
#1121=ORIENTED_EDGE('',*,*,#823,.T.);
#1122=ORIENTED_EDGE('',*,*,#825,.T.);
#1123=ORIENTED_EDGE('',*,*,#803,.T.);
#1124=ORIENTED_EDGE('',*,*,#801,.T.);
#1125=ORIENTED_EDGE('',*,*,#831,.T.);
#1126=ORIENTED_EDGE('',*,*,#832,.T.);
#1127=ORIENTED_EDGE('',*,*,#833,.T.);
#1128=ORIENTED_EDGE('',*,*,#834,.T.);
#1129=ORIENTED_EDGE('',*,*,#835,.T.);
#1130=ORIENTED_EDGE('',*,*,#836,.T.);
#1131=ORIENTED_EDGE('',*,*,#837,.T.);
#1132=ORIENTED_EDGE('',*,*,#838,.T.);
#1133=ORIENTED_EDGE('',*,*,#839,.T.);
#1134=ORIENTED_EDGE('',*,*,#840,.T.);
#1135=ORIENTED_EDGE('',*,*,#841,.F.);
#1136=ORIENTED_EDGE('',*,*,#842,.F.);
#1137=ORIENTED_EDGE('',*,*,#843,.F.);
#1138=ORIENTED_EDGE('',*,*,#844,.F.);
#1139=ORIENTED_EDGE('',*,*,#845,.F.);
#1140=ORIENTED_EDGE('',*,*,#846,.F.);
#1141=ORIENTED_EDGE('',*,*,#847,.F.);
#1142=ORIENTED_EDGE('',*,*,#848,.F.);
#1143=ORIENTED_EDGE('',*,*,#849,.F.);
#1144=ORIENTED_EDGE('',*,*,#850,.F.);
#1145=ORIENTED_EDGE('',*,*,#851,.F.);
#1146=ORIENTED_EDGE('',*,*,#852,.F.);
#1147=ORIENTED_EDGE('',*,*,#845,.T.);
#1148=ORIENTED_EDGE('',*,*,#853,.F.);
#1149=ORIENTED_EDGE('',*,*,#840,.F.);
#1150=ORIENTED_EDGE('',*,*,#854,.T.);
#1151=ORIENTED_EDGE('',*,*,#846,.T.);
#1152=ORIENTED_EDGE('',*,*,#854,.F.);
#1153=ORIENTED_EDGE('',*,*,#839,.F.);
#1154=ORIENTED_EDGE('',*,*,#855,.T.);
#1155=ORIENTED_EDGE('',*,*,#841,.T.);
#1156=ORIENTED_EDGE('',*,*,#855,.F.);
#1157=ORIENTED_EDGE('',*,*,#838,.F.);
#1158=ORIENTED_EDGE('',*,*,#856,.T.);
#1159=ORIENTED_EDGE('',*,*,#851,.T.);
#1160=ORIENTED_EDGE('',*,*,#857,.F.);
#1161=ORIENTED_EDGE('',*,*,#811,.F.);
#1162=ORIENTED_EDGE('',*,*,#858,.T.);
#1163=ORIENTED_EDGE('',*,*,#852,.T.);
#1164=ORIENTED_EDGE('',*,*,#858,.F.);
#1165=ORIENTED_EDGE('',*,*,#810,.F.);
#1166=ORIENTED_EDGE('',*,*,#859,.T.);
#1167=ORIENTED_EDGE('',*,*,#847,.T.);
#1168=ORIENTED_EDGE('',*,*,#859,.F.);
#1169=ORIENTED_EDGE('',*,*,#809,.F.);
#1170=ORIENTED_EDGE('',*,*,#860,.T.);
#1171=ORIENTED_EDGE('',*,*,#842,.T.);
#1172=ORIENTED_EDGE('',*,*,#856,.F.);
#1173=ORIENTED_EDGE('',*,*,#837,.F.);
#1174=ORIENTED_EDGE('',*,*,#861,.T.);
#1175=ORIENTED_EDGE('',*,*,#843,.T.);
#1176=ORIENTED_EDGE('',*,*,#861,.F.);
#1177=ORIENTED_EDGE('',*,*,#836,.F.);
#1178=ORIENTED_EDGE('',*,*,#862,.T.);
#1179=ORIENTED_EDGE('',*,*,#844,.T.);
#1180=ORIENTED_EDGE('',*,*,#862,.F.);
#1181=ORIENTED_EDGE('',*,*,#835,.F.);
#1182=ORIENTED_EDGE('',*,*,#853,.T.);
#1183=ORIENTED_EDGE('',*,*,#848,.T.);
#1184=ORIENTED_EDGE('',*,*,#860,.F.);
#1185=ORIENTED_EDGE('',*,*,#808,.F.);
#1186=ORIENTED_EDGE('',*,*,#863,.T.);
#1187=ORIENTED_EDGE('',*,*,#849,.T.);
#1188=ORIENTED_EDGE('',*,*,#863,.F.);
#1189=ORIENTED_EDGE('',*,*,#807,.F.);
#1190=ORIENTED_EDGE('',*,*,#864,.T.);
#1191=ORIENTED_EDGE('',*,*,#850,.T.);
#1192=ORIENTED_EDGE('',*,*,#864,.F.);
#1193=ORIENTED_EDGE('',*,*,#806,.F.);
#1194=ORIENTED_EDGE('',*,*,#857,.T.);
#1195=ORIENTED_EDGE('',*,*,#865,.F.);
#1196=ORIENTED_EDGE('',*,*,#866,.T.);
#1197=ORIENTED_EDGE('',*,*,#814,.F.);
#1198=ORIENTED_EDGE('',*,*,#866,.F.);
#1199=ORIENTED_EDGE('',*,*,#709,.F.);
#1200=ORIENTED_EDGE('',*,*,#865,.T.);
#1201=ORIENTED_EDGE('',*,*,#867,.F.);
#1202=ORIENTED_EDGE('',*,*,#868,.T.);
#1203=ORIENTED_EDGE('',*,*,#813,.F.);
#1204=ORIENTED_EDGE('',*,*,#868,.F.);
#1205=ORIENTED_EDGE('',*,*,#713,.F.);
#1206=ORIENTED_EDGE('',*,*,#867,.T.);
#1207=ORIENTED_EDGE('',*,*,#869,.F.);
#1208=ORIENTED_EDGE('',*,*,#870,.T.);
#1209=ORIENTED_EDGE('',*,*,#812,.F.);
#1210=ORIENTED_EDGE('',*,*,#870,.F.);
#1211=ORIENTED_EDGE('',*,*,#717,.F.);
#1212=ORIENTED_EDGE('',*,*,#869,.T.);
#1213=ORIENTED_EDGE('',*,*,#871,.F.);
#1214=ORIENTED_EDGE('',*,*,#872,.T.);
#1215=ORIENTED_EDGE('',*,*,#834,.F.);
#1216=ORIENTED_EDGE('',*,*,#872,.F.);
#1217=ORIENTED_EDGE('',*,*,#873,.F.);
#1218=ORIENTED_EDGE('',*,*,#871,.T.);
#1219=ORIENTED_EDGE('',*,*,#874,.F.);
#1220=ORIENTED_EDGE('',*,*,#875,.T.);
#1221=ORIENTED_EDGE('',*,*,#833,.F.);
#1222=ORIENTED_EDGE('',*,*,#875,.F.);
#1223=ORIENTED_EDGE('',*,*,#876,.F.);
#1224=ORIENTED_EDGE('',*,*,#874,.T.);
#1225=ORIENTED_EDGE('',*,*,#877,.F.);
#1226=ORIENTED_EDGE('',*,*,#878,.T.);
#1227=ORIENTED_EDGE('',*,*,#832,.F.);
#1228=ORIENTED_EDGE('',*,*,#878,.F.);
#1229=ORIENTED_EDGE('',*,*,#879,.F.);
#1230=ORIENTED_EDGE('',*,*,#877,.T.);
#1231=ORIENTED_EDGE('',*,*,#880,.F.);
#1232=ORIENTED_EDGE('',*,*,#881,.T.);
#1233=ORIENTED_EDGE('',*,*,#831,.F.);
#1234=ORIENTED_EDGE('',*,*,#881,.F.);
#1235=ORIENTED_EDGE('',*,*,#882,.F.);
#1236=ORIENTED_EDGE('',*,*,#880,.T.);
#1237=ORIENTED_EDGE('',*,*,#728,.F.);
#1238=ORIENTED_EDGE('',*,*,#883,.F.);
#1239=ORIENTED_EDGE('',*,*,#729,.F.);
#1240=ORIENTED_EDGE('',*,*,#884,.T.);
#1241=ORIENTED_EDGE('',*,*,#873,.T.);
#1242=ORIENTED_EDGE('',*,*,#884,.F.);
#1243=ORIENTED_EDGE('',*,*,#722,.F.);
#1244=ORIENTED_EDGE('',*,*,#885,.F.);
#1245=ORIENTED_EDGE('',*,*,#723,.F.);
#1246=ORIENTED_EDGE('',*,*,#886,.T.);
#1247=ORIENTED_EDGE('',*,*,#876,.T.);
#1248=ORIENTED_EDGE('',*,*,#886,.F.);
#1249=ORIENTED_EDGE('',*,*,#725,.F.);
#1250=ORIENTED_EDGE('',*,*,#887,.F.);
#1251=ORIENTED_EDGE('',*,*,#726,.F.);
#1252=ORIENTED_EDGE('',*,*,#888,.T.);
#1253=ORIENTED_EDGE('',*,*,#879,.T.);
#1254=ORIENTED_EDGE('',*,*,#888,.F.);
#1255=ORIENTED_EDGE('',*,*,#718,.F.);
#1256=ORIENTED_EDGE('',*,*,#889,.F.);
#1257=ORIENTED_EDGE('',*,*,#719,.F.);
#1258=ORIENTED_EDGE('',*,*,#890,.T.);
#1259=ORIENTED_EDGE('',*,*,#882,.T.);
#1260=ORIENTED_EDGE('',*,*,#890,.F.);
#1261=ORIENTED_EDGE('',*,*,#891,.T.);
#1262=ORIENTED_EDGE('',*,*,#733,.T.);
#1263=ORIENTED_EDGE('',*,*,#891,.F.);
#1264=ORIENTED_EDGE('',*,*,#892,.F.);
#1265=ORIENTED_EDGE('',*,*,#720,.T.);
#1266=ORIENTED_EDGE('',*,*,#889,.T.);
#1267=ORIENTED_EDGE('',*,*,#730,.T.);
#1268=ORIENTED_EDGE('',*,*,#883,.T.);
#1269=ORIENTED_EDGE('',*,*,#727,.T.);
#1270=ORIENTED_EDGE('',*,*,#887,.T.);
#1271=ORIENTED_EDGE('',*,*,#724,.T.);
#1272=ORIENTED_EDGE('',*,*,#885,.T.);
#1273=ORIENTED_EDGE('',*,*,#721,.T.);
#1274=ORIENTED_EDGE('',*,*,#892,.T.);
#1275=CONICAL_SURFACE('',#1365,3.25,0.78539816339745);
#1276=CONICAL_SURFACE('',#1374,3.25,0.785398163397451);
#1277=CONICAL_SURFACE('',#1378,3.25,0.78539816339745);
#1278=ADVANCED_FACE('',(#121),#1275,.F.);
#1279=ADVANCED_FACE('',(#122,#61,#62,#63),#82,.T.);
#1280=ADVANCED_FACE('',(#123),#32,.F.);
#1281=ADVANCED_FACE('',(#124),#1276,.F.);
#1282=ADVANCED_FACE('',(#125),#33,.F.);
#1283=ADVANCED_FACE('',(#126),#1277,.F.);
#1284=ADVANCED_FACE('',(#127),#34,.F.);
#1285=ADVANCED_FACE('',(#128,#64),#83,.F.);
#1286=ADVANCED_FACE('',(#129),#35,.F.);
#1287=ADVANCED_FACE('',(#130,#65),#84,.F.);
#1288=ADVANCED_FACE('',(#131),#36,.F.);
#1289=ADVANCED_FACE('',(#132),#85,.F.);
#1290=ADVANCED_FACE('',(#133),#86,.F.);
#1291=ADVANCED_FACE('',(#134),#87,.F.);
#1292=ADVANCED_FACE('',(#135),#37,.F.);
#1293=ADVANCED_FACE('',(#136),#38,.F.);
#1294=ADVANCED_FACE('',(#137),#88,.F.);
#1295=ADVANCED_FACE('',(#138),#39,.F.);
#1296=ADVANCED_FACE('',(#139),#89,.T.);
#1297=ADVANCED_FACE('',(#140),#90,.T.);
#1298=ADVANCED_FACE('',(#141),#91,.F.);
#1299=ADVANCED_FACE('',(#142),#92,.T.);
#1300=ADVANCED_FACE('',(#143),#93,.T.);
#1301=ADVANCED_FACE('',(#144),#94,.F.);
#1302=ADVANCED_FACE('',(#145),#95,.T.);
#1303=ADVANCED_FACE('',(#146),#96,.T.);
#1304=ADVANCED_FACE('',(#147),#40,.F.);
#1305=ADVANCED_FACE('',(#148),#97,.F.);
#1306=ADVANCED_FACE('',(#149),#41,.F.);
#1307=ADVANCED_FACE('',(#150),#98,.T.);
#1308=ADVANCED_FACE('',(#151),#15,.T.);
#1309=ADVANCED_FACE('',(#152,#66,#67,#68),#99,.F.);
#1310=ADVANCED_FACE('',(#153),#100,.F.);
#1311=ADVANCED_FACE('',(#154),#101,.F.);
#1312=ADVANCED_FACE('',(#155),#102,.F.);
#1313=ADVANCED_FACE('',(#156),#42,.F.);
#1314=ADVANCED_FACE('',(#157),#103,.F.);
#1315=ADVANCED_FACE('',(#158),#104,.F.);
#1316=ADVANCED_FACE('',(#159),#43,.F.);
#1317=ADVANCED_FACE('',(#160),#105,.F.);
#1318=ADVANCED_FACE('',(#161,#69,#70,#71,#72,#73),#106,.F.);
#1319=ADVANCED_FACE('',(#162,#74),#107,.T.);
#1320=ADVANCED_FACE('',(#163),#108,.T.);
#1321=ADVANCED_FACE('',(#164),#44,.T.);
#1322=ADVANCED_FACE('',(#165),#109,.T.);
#1323=ADVANCED_FACE('',(#166),#110,.T.);
#1324=ADVANCED_FACE('',(#167),#45,.F.);
#1325=ADVANCED_FACE('',(#168),#111,.T.);
#1326=ADVANCED_FACE('',(#169),#46,.T.);
#1327=ADVANCED_FACE('',(#170),#112,.T.);
#1328=ADVANCED_FACE('',(#171),#47,.T.);
#1329=ADVANCED_FACE('',(#172),#48,.F.);
#1330=ADVANCED_FACE('',(#173),#113,.T.);
#1331=ADVANCED_FACE('',(#174),#49,.F.);
#1332=ADVANCED_FACE('',(#175),#50,.F.);
#1333=ADVANCED_FACE('',(#176,#75),#114,.F.);
#1334=ADVANCED_FACE('',(#177),#51,.F.);
#1335=ADVANCED_FACE('',(#178,#76),#115,.F.);
#1336=ADVANCED_FACE('',(#179),#52,.F.);
#1337=ADVANCED_FACE('',(#180,#77),#116,.F.);
#1338=ADVANCED_FACE('',(#181),#53,.F.);
#1339=ADVANCED_FACE('',(#182,#78),#117,.F.);
#1340=ADVANCED_FACE('',(#183),#54,.F.);
#1341=ADVANCED_FACE('',(#184,#79),#118,.F.);
#1342=ADVANCED_FACE('',(#185),#55,.F.);
#1343=ADVANCED_FACE('',(#186,#80),#119,.F.);
#1344=ADVANCED_FACE('',(#187),#56,.F.);
#1345=ADVANCED_FACE('',(#188,#81),#120,.F.);
#1346=ADVANCED_FACE('',(#189),#57,.F.);
#1347=ADVANCED_FACE('',(#190),#58,.F.);
#1348=ADVANCED_FACE('',(#191),#59,.F.);
#1349=ADVANCED_FACE('',(#192),#60,.F.);
#1350=ADVANCED_FACE('',(#193),#16,.F.);
#1351=CLOSED_SHELL('',(#1278,#1279,#1280,#1281,#1282,#1283,#1284,#1285,
#1286,#1287,#1288,#1289,#1290,#1291,#1292,#1293,#1294,#1295,#1296,#1297,
#1298,#1299,#1300,#1301,#1302,#1303,#1304,#1305,#1306,#1307,#1308,#1309,
#1310,#1311,#1312,#1313,#1314,#1315,#1316,#1317,#1318,#1319,#1320,#1321,
#1322,#1323,#1324,#1325,#1326,#1327,#1328,#1329,#1330,#1331,#1332,#1333,
#1334,#1335,#1336,#1337,#1338,#1339,#1340,#1341,#1342,#1343,#1344,#1345,
#1346,#1347,#1348,#1349,#1350));
#1352=DERIVED_UNIT_ELEMENT(#1354,1.);
#1353=DERIVED_UNIT_ELEMENT(#3774,-3.);
#1354=(
MASS_UNIT()
NAMED_UNIT(*)
SI_UNIT(.KILO.,.GRAM.)
);
#1355=DERIVED_UNIT((#1352,#1353));
#1356=MEASURE_REPRESENTATION_ITEM('density measure',
POSITIVE_RATIO_MEASURE(7850.),#1355);
#1357=PROPERTY_DEFINITION_REPRESENTATION(#1362,#1359);
#1358=PROPERTY_DEFINITION_REPRESENTATION(#1363,#1360);
#1359=REPRESENTATION('material name',(#1361),#3771);
#1360=REPRESENTATION('density',(#1356),#3771);
#1361=DESCRIPTIVE_REPRESENTATION_ITEM('Stahl','Stahl');
#1362=PROPERTY_DEFINITION('material property','material name',#3781);
#1363=PROPERTY_DEFINITION('material property','density of part',#3781);
#1364=AXIS2_PLACEMENT_3D('',#1886,#1501,#1502);
#1365=AXIS2_PLACEMENT_3D('',#1887,#1503,#1504);
#1366=AXIS2_PLACEMENT_3D('',#1889,#1505,#1506);
#1367=AXIS2_PLACEMENT_3D('',#1892,#1508,#1509);
#1368=AXIS2_PLACEMENT_3D('',#1893,#1510,#1511);
#1369=AXIS2_PLACEMENT_3D('',#1895,#1512,#1513);
#1370=AXIS2_PLACEMENT_3D('',#1897,#1514,#1515);
#1371=AXIS2_PLACEMENT_3D('',#1899,#1516,#1517);
#1372=AXIS2_PLACEMENT_3D('',#1900,#1518,#1519);
#1373=AXIS2_PLACEMENT_3D('',#1903,#1521,#1522);
#1374=AXIS2_PLACEMENT_3D('',#1904,#1523,#1524);
#1375=AXIS2_PLACEMENT_3D('',#1907,#1526,#1527);
#1376=AXIS2_PLACEMENT_3D('',#1908,#1528,#1529);
#1377=AXIS2_PLACEMENT_3D('',#1911,#1531,#1532);
#1378=AXIS2_PLACEMENT_3D('',#1912,#1533,#1534);
#1379=AXIS2_PLACEMENT_3D('',#1915,#1536,#1537);
#1380=AXIS2_PLACEMENT_3D('',#1916,#1538,#1539);
#1381=AXIS2_PLACEMENT_3D('',#1919,#1541,#1542);
#1382=AXIS2_PLACEMENT_3D('',#1920,#1543,#1544);
#1383=AXIS2_PLACEMENT_3D('',#1923,#1545,#1546);
#1384=AXIS2_PLACEMENT_3D('',#1925,#1547,#1548);
#1385=AXIS2_PLACEMENT_3D('',#2057,#1549,#1550);
#1386=AXIS2_PLACEMENT_3D('',#2059,#1551,#1552);
#1387=AXIS2_PLACEMENT_3D('',#2180,#1553,#1554);
#1388=AXIS2_PLACEMENT_3D('',#2182,#1555,#1556);
#1389=AXIS2_PLACEMENT_3D('',#2342,#1557,#1558);
#1390=AXIS2_PLACEMENT_3D('',#2344,#1559,#1560);
#1391=AXIS2_PLACEMENT_3D('',#2464,#1561,#1562);
#1392=AXIS2_PLACEMENT_3D('',#2465,#1563,#1564);
#1393=AXIS2_PLACEMENT_3D('',#2467,#1566,#1567);
#1394=AXIS2_PLACEMENT_3D('',#2632,#1568,#1569);
#1395=AXIS2_PLACEMENT_3D('',#2635,#1570,#1571);
#1396=AXIS2_PLACEMENT_3D('',#2639,#1573,#1574);
#1397=AXIS2_PLACEMENT_3D('',#2641,#1576,#1577);
#1398=AXIS2_PLACEMENT_3D('',#2647,#1581,#1582);
#1399=AXIS2_PLACEMENT_3D('',#2660,#1589,#1590);
#1400=AXIS2_PLACEMENT_3D('',#2666,#1594,#1595);
#1401=AXIS2_PLACEMENT_3D('',#2668,#1596,#1597);
#1402=AXIS2_PLACEMENT_3D('',#2670,#1598,#1599);
#1403=AXIS2_PLACEMENT_3D('',#2672,#1601,#1602);
#1404=AXIS2_PLACEMENT_3D('',#2675,#1603,#1604);
#1405=AXIS2_PLACEMENT_3D('',#2679,#1606,#1607);
#1406=AXIS2_PLACEMENT_3D('',#2681,#1609,#1610);
#1407=AXIS2_PLACEMENT_3D('',#2687,#1614,#1615);
#1408=AXIS2_PLACEMENT_3D('',#2689,#1616,#1617);
#1409=AXIS2_PLACEMENT_3D('',#2692,#1619,#1620);
#1410=AXIS2_PLACEMENT_3D('',#2693,#1621,#1622);
#1411=AXIS2_PLACEMENT_3D('',#2699,#1626,#1627);
#1412=AXIS2_PLACEMENT_3D('',#2705,#1630,#1631);
#1413=AXIS2_PLACEMENT_3D('',#2709,#1634,#1635);
#1414=AXIS2_PLACEMENT_3D('',#2719,#1641,#1642);
#1415=AXIS2_PLACEMENT_3D('',#2725,#1646,#1647);
#1416=AXIS2_PLACEMENT_3D('',#2735,#1653,#1654);
#1417=AXIS2_PLACEMENT_3D('',#2739,#1658,#1659);
#1418=AXIS2_PLACEMENT_3D('',#2742,#1661,#1662);
#1419=AXIS2_PLACEMENT_3D('',#2743,#1663,#1664);
#1420=AXIS2_PLACEMENT_3D('',#2747,#1667,#1668);
#1421=AXIS2_PLACEMENT_3D('',#2749,#1669,#1670);
#1422=AXIS2_PLACEMENT_3D('',#2751,#1672,#1673);
#1423=AXIS2_PLACEMENT_3D('',#2755,#1676,#1677);
#1424=AXIS2_PLACEMENT_3D('',#2757,#1678,#1679);
#1425=AXIS2_PLACEMENT_3D('',#2759,#1681,#1682);
#1426=AXIS2_PLACEMENT_3D('',#3144,#1689,#1690);
#1427=AXIS2_PLACEMENT_3D('',#3147,#1691,#1692);
#1428=AXIS2_PLACEMENT_3D('',#3151,#1694,#1695);
#1429=AXIS2_PLACEMENT_3D('',#3155,#1697,#1698);
#1430=AXIS2_PLACEMENT_3D('',#3158,#1700,#1701);
#1431=AXIS2_PLACEMENT_3D('',#3160,#1702,#1703);
#1432=AXIS2_PLACEMENT_3D('',#3162,#1704,#1705);
#1433=AXIS2_PLACEMENT_3D('',#3163,#1706,#1707);
#1434=AXIS2_PLACEMENT_3D('',#3169,#1711,#1712);
#1435=AXIS2_PLACEMENT_3D('',#3175,#1716,#1717);
#1436=AXIS2_PLACEMENT_3D('',#3177,#1718,#1719);
#1437=AXIS2_PLACEMENT_3D('',#3179,#1721,#1722);
#1438=AXIS2_PLACEMENT_3D('',#3181,#1723,#1724);
#1439=AXIS2_PLACEMENT_3D('',#3183,#1726,#1727);
#1440=AXIS2_PLACEMENT_3D('',#3185,#1729,#1730);
#1441=AXIS2_PLACEMENT_3D('',#3187,#1731,#1732);
#1442=AXIS2_PLACEMENT_3D('',#3189,#1734,#1735);
#1443=AXIS2_PLACEMENT_3D('',#3191,#1736,#1737);
#1444=AXIS2_PLACEMENT_3D('',#3193,#1739,#1740);
#1445=AXIS2_PLACEMENT_3D('',#3195,#1742,#1743);
#1446=AXIS2_PLACEMENT_3D('',#3197,#1744,#1745);
#1447=AXIS2_PLACEMENT_3D('',#3199,#1746,#1747);
#1448=AXIS2_PLACEMENT_3D('',#3201,#1748,#1749);
#1449=AXIS2_PLACEMENT_3D('',#3203,#1750,#1751);
#1450=AXIS2_PLACEMENT_3D('',#3206,#1752,#1753);
#1451=AXIS2_PLACEMENT_3D('',#3210,#1755,#1756);
#1452=AXIS2_PLACEMENT_3D('',#3214,#1758,#1759);
#1453=AXIS2_PLACEMENT_3D('',#3216,#1761,#1762);
#1454=AXIS2_PLACEMENT_3D('',#3221,#1764,#1765);
#1455=AXIS2_PLACEMENT_3D('',#3225,#1767,#1768);
#1456=AXIS2_PLACEMENT_3D('',#3228,#1770,#1771);
#1457=AXIS2_PLACEMENT_3D('',#3233,#1773,#1774);
#1458=AXIS2_PLACEMENT_3D('',#3237,#1776,#1777);
#1459=AXIS2_PLACEMENT_3D('',#3240,#1779,#1780);
#1460=AXIS2_PLACEMENT_3D('',#3241,#1781,#1782);
#1461=AXIS2_PLACEMENT_3D('',#3244,#1785,#1786);
#1462=AXIS2_PLACEMENT_3D('',#3246,#1788,#1789);
#1463=AXIS2_PLACEMENT_3D('',#3248,#1791,#1792);
#1464=AXIS2_PLACEMENT_3D('',#3251,#1795,#1796);
#1465=AXIS2_PLACEMENT_3D('',#3253,#1798,#1799);
#1466=AXIS2_PLACEMENT_3D('',#3255,#1801,#1802);
#1467=AXIS2_PLACEMENT_3D('',#3257,#1804,#1805);
#1468=AXIS2_PLACEMENT_3D('',#3259,#1807,#1808);
#1469=AXIS2_PLACEMENT_3D('',#3260,#1809,#1810);
#1470=AXIS2_PLACEMENT_3D('',#3262,#1812,#1813);
#1471=AXIS2_PLACEMENT_3D('',#3264,#1815,#1816);
#1472=AXIS2_PLACEMENT_3D('',#3265,#1817,#1818);
#1473=AXIS2_PLACEMENT_3D('',#3267,#1819,#1820);
#1474=AXIS2_PLACEMENT_3D('',#3269,#1822,#1823);
#1475=AXIS2_PLACEMENT_3D('',#3270,#1824,#1825);
#1476=AXIS2_PLACEMENT_3D('',#3272,#1826,#1827);
#1477=AXIS2_PLACEMENT_3D('',#3274,#1829,#1830);
#1478=AXIS2_PLACEMENT_3D('',#3275,#1831,#1832);
#1479=AXIS2_PLACEMENT_3D('',#3277,#1833,#1834);
#1480=AXIS2_PLACEMENT_3D('',#3279,#1836,#1837);
#1481=AXIS2_PLACEMENT_3D('',#3280,#1838,#1839);
#1482=AXIS2_PLACEMENT_3D('',#3282,#1840,#1841);
#1483=AXIS2_PLACEMENT_3D('',#3284,#1843,#1844);
#1484=AXIS2_PLACEMENT_3D('',#3286,#1845,#1846);
#1485=AXIS2_PLACEMENT_3D('',#3287,#1847,#1848);
#1486=AXIS2_PLACEMENT_3D('',#3289,#1849,#1850);
#1487=AXIS2_PLACEMENT_3D('',#3291,#1852,#1853);
#1488=AXIS2_PLACEMENT_3D('',#3293,#1854,#1855);
#1489=AXIS2_PLACEMENT_3D('',#3294,#1856,#1857);
#1490=AXIS2_PLACEMENT_3D('',#3296,#1858,#1859);
#1491=AXIS2_PLACEMENT_3D('',#3298,#1861,#1862);
#1492=AXIS2_PLACEMENT_3D('',#3300,#1863,#1864);
#1493=AXIS2_PLACEMENT_3D('',#3301,#1865,#1866);
#1494=AXIS2_PLACEMENT_3D('',#3303,#1867,#1868);
#1495=AXIS2_PLACEMENT_3D('',#3305,#1870,#1871);
#1496=AXIS2_PLACEMENT_3D('',#3307,#1872,#1873);
#1497=AXIS2_PLACEMENT_3D('',#3308,#1874,#1875);
#1498=AXIS2_PLACEMENT_3D('',#3332,#1877,#1878);
#1499=AXIS2_PLACEMENT_3D('',#3356,#1880,#1881);
#1500=AXIS2_PLACEMENT_3D('',#3380,#1883,#1884);
#1501=DIRECTION('axis',(0.,0.,1.));
#1502=DIRECTION('refdir',(1.,0.,0.));
#1503=DIRECTION('center_axis',(0.,0.,-1.));
#1504=DIRECTION('ref_axis',(-1.,1.22830006532824E-96,7.23527874460092E-33));
#1505=DIRECTION('center_axis',(0.,0.,-1.));
#1506=DIRECTION('ref_axis',(-1.,1.22830006532824E-96,0.));
#1507=DIRECTION('',(-0.707106781186549,8.65956056235495E-17,0.707106781186546));
#1508=DIRECTION('center_axis',(0.,0.,1.));
#1509=DIRECTION('ref_axis',(-1.,1.22830006532824E-96,1.7101567941784E-32));
#1510=DIRECTION('center_axis',(0.,0.,-1.));
#1511=DIRECTION('ref_axis',(1.,0.,0.));
#1512=DIRECTION('center_axis',(0.,0.,-1.));
#1513=DIRECTION('ref_axis',(1.,0.,0.));
#1514=DIRECTION('center_axis',(0.,0.,-1.));
#1515=DIRECTION('ref_axis',(-1.,1.22830006532824E-96,0.));
#1516=DIRECTION('center_axis',(0.,0.,-1.));
#1517=DIRECTION('ref_axis',(-1.,1.22830006532824E-96,0.));
#1518=DIRECTION('center_axis',(1.7101567941784E-32,2.32289914061519E-48,
1.));
#1519=DIRECTION('ref_axis',(-1.,1.22830006532824E-96,1.7101567941784E-32));
#1520=DIRECTION('',(1.7101567941784E-32,2.32289914061519E-48,1.));
#1521=DIRECTION('center_axis',(1.7101567941784E-32,2.32289914061519E-48,
1.));
#1522=DIRECTION('ref_axis',(-1.,1.22830006532824E-96,1.7101567941784E-32));
#1523=DIRECTION('center_axis',(0.,0.,-1.));
#1524=DIRECTION('ref_axis',(-1.,1.22830006532824E-96,7.23527874460092E-33));
#1525=DIRECTION('',(-0.707106781186549,8.65956056235495E-17,0.707106781186546));
#1526=DIRECTION('center_axis',(0.,0.,1.));
#1527=DIRECTION('ref_axis',(-1.,1.22830006532824E-96,1.7101567941784E-32));
#1528=DIRECTION('center_axis',(1.7101567941784E-32,2.32289914061519E-48,
1.));
#1529=DIRECTION('ref_axis',(-1.,1.22830006532824E-96,1.7101567941784E-32));
#1530=DIRECTION('',(1.7101567941784E-32,2.32289914061519E-48,1.));
#1531=DIRECTION('center_axis',(1.7101567941784E-32,2.32289914061519E-48,
1.));
#1532=DIRECTION('ref_axis',(-1.,1.22830006532824E-96,1.7101567941784E-32));
#1533=DIRECTION('center_axis',(0.,0.,-1.));
#1534=DIRECTION('ref_axis',(-1.,1.22830006532824E-96,7.23527874460092E-33));
#1535=DIRECTION('',(-0.707106781186549,8.65956056235495E-17,0.707106781186546));
#1536=DIRECTION('center_axis',(0.,0.,1.));
#1537=DIRECTION('ref_axis',(-1.,1.22830006532824E-96,1.7101567941784E-32));
#1538=DIRECTION('center_axis',(1.7101567941784E-32,2.32289914061519E-48,
1.));
#1539=DIRECTION('ref_axis',(-1.,1.22830006532824E-96,1.7101567941784E-32));
#1540=DIRECTION('',(1.7101567941784E-32,2.32289914061519E-48,1.));
#1541=DIRECTION('center_axis',(1.7101567941784E-32,2.32289914061519E-48,
1.));
#1542=DIRECTION('ref_axis',(-1.,1.22830006532824E-96,1.7101567941784E-32));
#1543=DIRECTION('center_axis',(1.7101567941784E-32,2.32289914061519E-48,
1.));
#1544=DIRECTION('ref_axis',(1.,-1.22830006532824E-96,-1.7101567941784E-32));
#1545=DIRECTION('center_axis',(1.7101567941784E-32,2.32289914061519E-48,
1.));
#1546=DIRECTION('ref_axis',(-1.,1.22830006532824E-96,1.7101567941784E-32));
#1547=DIRECTION('center_axis',(1.7101567941784E-32,2.32289914061519E-48,
1.));
#1548=DIRECTION('ref_axis',(-1.,1.22830006532824E-96,1.7101567941784E-32));
#1549=DIRECTION('center_axis',(1.7101567941784E-32,2.32289914061519E-48,
1.));
#1550=DIRECTION('ref_axis',(-1.,1.22830006532824E-96,1.7101567941784E-32));
#1551=DIRECTION('center_axis',(1.7101567941784E-32,2.32289914061519E-48,
1.));
#1552=DIRECTION('ref_axis',(-1.,1.22830006532824E-96,1.7101567941784E-32));
#1553=DIRECTION('center_axis',(1.7101567941784E-32,2.32289914061519E-48,
1.));
#1554=DIRECTION('ref_axis',(-1.,1.22830006532824E-96,1.7101567941784E-32));
#1555=DIRECTION('center_axis',(1.7101567941784E-32,2.32289914061519E-48,
1.));
#1556=DIRECTION('ref_axis',(-1.,1.22830006532824E-96,1.7101567941784E-32));
#1557=DIRECTION('center_axis',(1.7101567941784E-32,2.32289914061519E-48,
1.));
#1558=DIRECTION('ref_axis',(-1.,1.22830006532824E-96,1.7101567941784E-32));
#1559=DIRECTION('center_axis',(1.7101567941784E-32,2.32289914061519E-48,
1.));
#1560=DIRECTION('ref_axis',(-1.,1.22830006532824E-96,1.7101567941784E-32));
#1561=DIRECTION('center_axis',(1.7101567941784E-32,2.32289914061519E-48,
1.));
#1562=DIRECTION('ref_axis',(1.,0.,0.));
#1563=DIRECTION('center_axis',(0.,0.,1.));
#1564=DIRECTION('ref_axis',(1.,0.,0.));
#1565=DIRECTION('',(0.,0.,1.));
#1566=DIRECTION('center_axis',(-1.7101567941784E-32,-2.32289914061519E-48,
-1.));
#1567=DIRECTION('ref_axis',(-1.,1.22830006532824E-96,1.7101567941784E-32));
#1568=DIRECTION('center_axis',(3.11805659013751E-15,0.,-1.));
#1569=DIRECTION('ref_axis',(0.993545309277032,0.113435966137759,3.09793049919146E-15));
#1570=DIRECTION('center_axis',(0.,0.,1.));
#1571=DIRECTION('ref_axis',(0.993545309277032,0.113435966137759,0.));
#1572=DIRECTION('',(3.11805659013751E-15,0.,-1.));
#1573=DIRECTION('center_axis',(8.32667268469005E-17,3.49963793792483E-15,
-1.));
#1574=DIRECTION('ref_axis',(0.993545309277032,0.113435966137759,4.79714076498448E-16));
#1575=DIRECTION('',(3.11805659013751E-15,0.,-1.));
#1576=DIRECTION('center_axis',(0.999999043901717,0.00138282162725078,3.11805360896896E-15));
#1577=DIRECTION('ref_axis',(0.00138282162725078,-0.999999043901717,4.18353011595111E-18));
#1578=DIRECTION('',(-0.00138282162725078,0.999999043901717,0.));
#1579=DIRECTION('',(0.00138282162725078,-0.999999043901717,-3.4995194488963E-15));
#1580=DIRECTION('',(3.11805659013751E-15,0.,-1.));
#1581=DIRECTION('center_axis',(-1.,3.35930854714682E-15,-3.11805659013751E-15));
#1582=DIRECTION('ref_axis',(3.35930854714682E-15,1.,1.04898919751249E-29));
#1583=DIRECTION('',(-3.35930854714682E-15,-1.,0.));
#1584=DIRECTION('',(0.,0.,-1.));
#1585=DIRECTION('',(3.35930854714681E-15,1.,2.96059473233375E-15));
#1586=DIRECTION('',(3.11805659013752E-15,2.96059473233374E-15,-1.));
#1587=DIRECTION('',(3.3593085471468E-15,1.,3.49963793792484E-15));
#1588=DIRECTION('',(3.11805659013751E-15,0.,-1.));
#1589=DIRECTION('center_axis',(-0.999999043901715,0.00138282162818719,-3.11805360896895E-15));
#1590=DIRECTION('ref_axis',(0.00138282162818719,0.999999043901715,4.18353011878438E-18));
#1591=DIRECTION('',(-0.00138282162818719,-0.999999043901715,0.));
#1592=DIRECTION('',(0.00138282162818719,0.999999043901715,3.4997497349578E-15));
#1593=DIRECTION('',(3.11805659013751E-15,0.,-1.));
#1594=DIRECTION('center_axis',(3.11805659013751E-15,0.,-1.));
#1595=DIRECTION('ref_axis',(7.55253758248405E-16,1.,2.35492395813256E-30));
#1596=DIRECTION('center_axis',(0.,0.,1.));
#1597=DIRECTION('ref_axis',(7.55253758248405E-16,1.,0.));
#1598=DIRECTION('center_axis',(8.32667268469005E-17,3.49963793792483E-15,
-1.));
#1599=DIRECTION('ref_axis',(7.55253758248405E-16,1.,3.49963793792483E-15));
#1600=DIRECTION('',(3.11805659013751E-15,0.,-1.));
#1601=DIRECTION('center_axis',(3.11805659013751E-15,0.,-1.));
#1602=DIRECTION('ref_axis',(7.76611969488708E-48,1.,2.42152006944394E-62));
#1603=DIRECTION('center_axis',(8.32667268469005E-17,3.49963793792483E-15,
-1.));
#1604=DIRECTION('ref_axis',(-2.91403396240237E-31,1.,3.49963793792483E-15));
#1605=DIRECTION('',(3.11805659013751E-15,0.,-1.));
#1606=DIRECTION('center_axis',(3.02535774210355E-15,8.39705455752823E-32,
-1.));
#1607=DIRECTION('ref_axis',(-2.46274820469952E-46,1.,8.39705455752823E-32));
#1608=DIRECTION('',(3.11805659013751E-15,0.,-1.));
#1609=DIRECTION('center_axis',(2.07518322359842E-16,1.,6.47053872608385E-31));
#1610=DIRECTION('ref_axis',(1.,-2.07518322359842E-16,3.02535774210355E-15));
#1611=DIRECTION('',(1.,-2.07518322359842E-16,8.32667268468998E-17));
#1612=DIRECTION('',(3.11805659013751E-15,0.,-1.));
#1613=DIRECTION('',(1.,-2.07518322359842E-16,3.02535774210355E-15));
#1614=DIRECTION('center_axis',(3.11805659013751E-15,0.,-1.));
#1615=DIRECTION('ref_axis',(1.,-4.71310372878623E-80,3.11805659013751E-15));
#1616=DIRECTION('center_axis',(8.32667268469005E-17,3.49963793792483E-15,
-1.));
#1617=DIRECTION('ref_axis',(1.,1.06206657392015E-29,8.32667268469005E-17));
#1618=DIRECTION('',(3.11805659013751E-15,0.,-1.));
#1619=DIRECTION('center_axis',(3.02535774210355E-15,8.39705455752823E-32,
-1.));
#1620=DIRECTION('ref_axis',(1.,7.78397284361181E-48,3.02535774210355E-15));
#1621=DIRECTION('center_axis',(0.,-2.96059473233375E-15,1.));
#1622=DIRECTION('ref_axis',(1.,0.,0.));
#1623=DIRECTION('',(4.56256037517187E-16,1.,3.49963793792483E-15));
#1624=DIRECTION('',(-1.,2.76404072520786E-15,-8.32667268468908E-17));
#1625=DIRECTION('',(-1.,0.,0.));
#1626=DIRECTION('center_axis',(2.76404072520786E-15,1.,2.96059473233375E-15));
#1627=DIRECTION('ref_axis',(-1.,2.76404072520786E-15,-8.32667268468908E-17));
#1628=DIRECTION('',(1.,-2.76404072520786E-15,8.32667268468908E-17));
#1629=DIRECTION('',(0.,-2.96059473233375E-15,1.));
#1630=DIRECTION('center_axis',(2.76404072520786E-15,1.,2.96059473233375E-15));
#1631=DIRECTION('ref_axis',(-0.70710678118655,4.04792855184863E-15,-0.707106781186545));
#1632=DIRECTION('',(0.999999999999998,7.12865039183486E-8,8.32669763238538E-17));
#1633=DIRECTION('',(0.,-3.41607084500048E-15,1.));
#1634=DIRECTION('center_axis',(1.,5.59884759169264E-16,3.11805659013751E-15));
#1635=DIRECTION('ref_axis',(5.59884759169264E-16,-1.,1.98911024245261E-30));
#1636=DIRECTION('',(-5.59884759169264E-16,1.,0.));
#1637=DIRECTION('',(5.59884759169275E-16,-1.,-3.49963793792483E-15));
#1638=DIRECTION('',(-3.11805659013751E-15,-2.96059473233375E-15,1.));
#1639=DIRECTION('',(5.59884759169273E-16,-1.,-2.96059473233375E-15));
#1640=DIRECTION('',(-8.30073289441772E-15,0.,1.));
#1641=DIRECTION('center_axis',(0.,-2.96059473233375E-15,1.));
#1642=DIRECTION('ref_axis',(1.,0.,0.));
#1643=DIRECTION('',(-1.,0.,-8.32667268469005E-17));
#1644=DIRECTION('',(-4.56256037517187E-16,-1.,-3.49963793792483E-15));
#1645=DIRECTION('',(-1.,0.,0.));
#1646=DIRECTION('center_axis',(-2.46519032881607E-31,1.,2.96059473233375E-15));
#1647=DIRECTION('ref_axis',(-1.,-1.31371731030452E-46,-8.32667268469005E-17));
#1648=DIRECTION('',(1.,0.,8.32667268469005E-17));
#1649=DIRECTION('',(0.,-3.41607084500048E-15,1.));
#1650=DIRECTION('',(1.,0.,8.32667268469005E-17));
#1651=DIRECTION('',(0.,-2.96059473233375E-15,1.));
#1652=DIRECTION('',(0.,-2.96059473233375E-15,1.));
#1653=DIRECTION('center_axis',(8.32667268469005E-17,3.49963793792483E-15,
-1.));
#1654=DIRECTION('ref_axis',(-1.,1.43425478665816E-47,-8.32667268469005E-17));
#1655=DIRECTION('',(0.999999999999998,7.12865039183486E-8,8.32669763238538E-17));
#1656=DIRECTION('',(1.09120691354418E-29,-1.,-3.49963793792483E-15));
#1657=DIRECTION('',(1.11022302462513E-15,1.,3.49963793792483E-15));
#1658=DIRECTION('center_axis',(-7.12865039183486E-8,0.999999999999997,3.41607084500048E-15));
#1659=DIRECTION('ref_axis',(-0.999999999999998,-7.12865039183486E-8,-8.32669763238539E-17));
#1660=DIRECTION('',(0.999999999999998,7.12865039183486E-8,8.32669763238538E-17));
#1661=DIRECTION('center_axis',(-7.12865039183486E-8,0.999999999999997,3.41607084500048E-15));
#1662=DIRECTION('ref_axis',(0.707106781186549,5.04071727432728E-8,-0.707106781186544));
#1663=DIRECTION('center_axis',(-1.,4.56256037517187E-16,1.35078922126885E-30));
#1664=DIRECTION('ref_axis',(-4.56256037517187E-16,-1.,-3.49963793792483E-15));
#1665=DIRECTION('',(0.,0.,-1.));
#1666=DIRECTION('',(4.56256037517187E-16,1.,3.49963793792483E-15));
#1667=DIRECTION('center_axis',(-4.56256037517187E-16,-1.,-3.49963793792483E-15));
#1668=DIRECTION('ref_axis',(0.70710678118655,2.15199597951864E-15,-0.707106781186545));
#1669=DIRECTION('center_axis',(0.,1.,0.));
#1670=DIRECTION('ref_axis',(-1.06396373193245E-14,0.,-1.));
#1671=DIRECTION('',(-4.56256037517187E-16,-1.,-3.49963793792483E-15));
#1672=DIRECTION('center_axis',(8.32667268469005E-17,3.49963793792483E-15,
-1.));
#1673=DIRECTION('ref_axis',(-1.,1.43425478665816E-47,-8.32667268469005E-17));
#1674=DIRECTION('',(1.,0.,0.));
#1675=DIRECTION('',(4.56256037517187E-16,1.,3.49963793792483E-15));
#1676=DIRECTION('center_axis',(4.56256037517187E-16,1.,3.49963793792483E-15));
#1677=DIRECTION('ref_axis',(-0.70710678118655,2.79723945569005E-15,-0.707106781186545));
#1678=DIRECTION('center_axis',(8.93438788675996E-15,1.,8.93438788675987E-15));
#1679=DIRECTION('ref_axis',(-1.,7.40148683083432E-15,-7.40148683083432E-15));
#1680=DIRECTION('',(-4.56256037517187E-16,-1.,-3.49963793792483E-15));
#1681=DIRECTION('center_axis',(1.,-4.56256037517187E-16,-1.35078922126885E-30));
#1682=DIRECTION('ref_axis',(4.56256037517187E-16,1.,3.49963793792483E-15));
#1683=DIRECTION('',(0.,0.,1.));
#1684=DIRECTION('',(1.,0.,0.));
#1685=DIRECTION('',(0.,0.,-1.));
#1686=DIRECTION('',(0.,0.,1.));
#1687=DIRECTION('',(0.,0.,1.));
#1688=DIRECTION('',(1.,0.,0.));
#1689=DIRECTION('center_axis',(3.02535774210355E-15,8.39705455752823E-32,
-1.));
#1690=DIRECTION('ref_axis',(-1.,-1.45851920574852E-62,-3.02535774210355E-15));
#1691=DIRECTION('center_axis',(-3.02535774210355E-15,-8.39705455752823E-32,
1.));
#1692=DIRECTION('ref_axis',(1.51394048812521E-15,-1.,4.49624103125835E-30));
#1693=DIRECTION('',(-0.5,0.866025403784439,-1.51267887105178E-15));
#1694=DIRECTION('center_axis',(-3.02535774210355E-15,-8.39705455752823E-32,
1.));
#1695=DIRECTION('ref_axis',(0.866025403784438,0.500000000000002,2.6200366601976E-15));
#1696=DIRECTION('',(-0.5,-0.866025403784439,-1.51267887105178E-15));
#1697=DIRECTION('center_axis',(-3.02535774210355E-15,-8.39705455752823E-32,
1.));
#1698=DIRECTION('ref_axis',(-0.866025403784438,0.500000000000001,-2.6200366601976E-15));
#1699=DIRECTION('',(1.,-5.76168595171106E-17,3.02535774210355E-15));
#1700=DIRECTION('center_axis',(3.02535774210355E-15,8.39705455752823E-32,
-1.));
#1701=DIRECTION('ref_axis',(-1.,2.54040940164839E-46,-3.02535774210355E-15));
#1702=DIRECTION('center_axis',(3.02535774210355E-15,8.39705455752823E-32,
-1.));
#1703=DIRECTION('ref_axis',(-1.,2.54040940164839E-46,-3.02535774210355E-15));
#1704=DIRECTION('center_axis',(3.02535774210355E-15,8.39705455752823E-32,
-1.));
#1705=DIRECTION('ref_axis',(-1.,2.54040940164839E-46,-3.02535774210355E-15));
#1706=DIRECTION('center_axis',(1.,-7.7839728436114E-48,3.11805659013751E-15));
#1707=DIRECTION('ref_axis',(2.54040940164841E-46,-1.,-8.39705455752828E-32));
#1708=DIRECTION('',(7.7839728436114E-48,1.,0.));
#1709=DIRECTION('',(0.,0.,1.));
#1710=DIRECTION('',(2.5404094016484E-46,-1.,-8.39705455752823E-32));
#1711=DIRECTION('center_axis',(-1.,1.11022302462514E-15,-3.11805659013751E-15));
#1712=DIRECTION('ref_axis',(1.11022302462514E-15,1.,3.44259977559213E-30));
#1713=DIRECTION('',(0.,0.,-1.));
#1714=DIRECTION('',(-1.11022302462514E-15,-1.,0.));
#1715=DIRECTION('',(1.11022302462514E-15,1.,3.44279236858658E-30));
#1716=DIRECTION('center_axis',(0.,0.,-1.));
#1717=DIRECTION('ref_axis',(1.,0.,0.));
#1718=DIRECTION('center_axis',(0.,0.,-1.));
#1719=DIRECTION('ref_axis',(5.63564987119368E-16,1.,0.));
#1720=DIRECTION('',(0.,-1.,0.));
#1721=DIRECTION('center_axis',(0.,0.,-1.));
#1722=DIRECTION('ref_axis',(5.63564987119368E-16,1.,0.));
#1723=DIRECTION('center_axis',(3.02535774210355E-15,8.39705455752823E-32,
-1.));
#1724=DIRECTION('ref_axis',(5.63564987119368E-16,1.,1.78895624253535E-30));
#1725=DIRECTION('',(0.,0.,-1.));
#1726=DIRECTION('center_axis',(1.,0.,0.));
#1727=DIRECTION('ref_axis',(0.,-1.,0.));
#1728=DIRECTION('',(0.,-1.,-8.39705455752823E-32));
#1729=DIRECTION('center_axis',(0.,0.,-1.));
#1730=DIRECTION('ref_axis',(1.,0.,0.));
#1731=DIRECTION('center_axis',(0.,0.,-1.));
#1732=DIRECTION('ref_axis',(-0.994910163416707,0.100765900631818,0.));
#1733=DIRECTION('',(1.17130557687024E-16,1.,0.));
#1734=DIRECTION('center_axis',(0.,0.,-1.));
#1735=DIRECTION('ref_axis',(-0.994910163416707,0.100765900631818,0.));
#1736=DIRECTION('center_axis',(3.02535774210355E-15,8.39705455752823E-32,
-1.));
#1737=DIRECTION('ref_axis',(-0.994910163416707,0.100765900631818,-3.00995916559024E-15));
#1738=DIRECTION('',(0.,0.,-1.));
#1739=DIRECTION('center_axis',(-1.,1.17130557687024E-16,0.));
#1740=DIRECTION('ref_axis',(1.17130557687024E-16,1.,0.));
#1741=DIRECTION('',(1.17130557687024E-16,1.,4.38332385110627E-31));
#1742=DIRECTION('center_axis',(3.02535774210355E-15,8.39705455752823E-32,
-1.));
#1743=DIRECTION('ref_axis',(-1.,-1.45851920574852E-62,-3.02535774210355E-15));
#1744=DIRECTION('center_axis',(3.02535774210355E-15,8.39705455752823E-32,
-1.));
#1745=DIRECTION('ref_axis',(-1.,2.54040940164839E-46,-3.02535774210355E-15));
#1746=DIRECTION('center_axis',(3.02535774210355E-15,8.39705455752823E-32,
-1.));
#1747=DIRECTION('ref_axis',(-1.,2.54040940164839E-46,-3.02535774210355E-15));
#1748=DIRECTION('center_axis',(3.02535774210355E-15,8.39705455752823E-32,
-1.));
#1749=DIRECTION('ref_axis',(-1.,2.54040940164839E-46,-3.02535774210355E-15));
#1750=DIRECTION('center_axis',(3.02535774210355E-15,8.39705455752823E-32,
-1.));
#1751=DIRECTION('ref_axis',(-1.,2.54040940164839E-46,-3.02535774210355E-15));
#1752=DIRECTION('center_axis',(3.02535774210355E-15,8.39705455752823E-32,
-1.));
#1753=DIRECTION('ref_axis',(1.30614473485312E-15,-1.,3.86758454032039E-30));
#1754=DIRECTION('',(-1.,3.26001509228502E-78,-3.02535774210355E-15));
#1755=DIRECTION('center_axis',(3.02535774210355E-15,8.39705455752823E-32,
-1.));
#1756=DIRECTION('ref_axis',(-0.866025403784438,0.500000000000001,-2.6200366601976E-15));
#1757=DIRECTION('',(0.5,0.866025403784439,1.51267887105178E-15));
#1758=DIRECTION('center_axis',(3.02535774210355E-15,8.39705455752823E-32,
-1.));
#1759=DIRECTION('ref_axis',(0.866025403784437,0.500000000000003,2.6200366601976E-15));
#1760=DIRECTION('',(0.5,-0.866025403784439,1.51267887105178E-15));
#1761=DIRECTION('center_axis',(-3.02535774210355E-15,-8.39705455752823E-32,
1.));
#1762=DIRECTION('ref_axis',(1.,1.45851920574852E-62,3.02535774210355E-15));
#1763=DIRECTION('',(-0.5,-0.866025403784439,-1.51267887105178E-15));
#1764=DIRECTION('center_axis',(-3.02535774210355E-15,-8.39705455752823E-32,
1.));
#1765=DIRECTION('ref_axis',(-0.866025403784438,0.500000000000001,-2.6200366601976E-15));
#1766=DIRECTION('',(1.,-3.26001509228502E-78,3.02535774210355E-15));
#1767=DIRECTION('center_axis',(-3.02535774210355E-15,-8.39705455752823E-32,
1.));
#1768=DIRECTION('ref_axis',(1.30614473485312E-15,-1.,3.86758454032039E-30));
#1769=DIRECTION('',(-0.5,0.866025403784439,-1.51267887105178E-15));
#1770=DIRECTION('center_axis',(-3.02535774210355E-15,-8.39705455752823E-32,
1.));
#1771=DIRECTION('ref_axis',(0.866025403784437,0.500000000000003,2.6200366601976E-15));
#1772=DIRECTION('',(0.5,0.866025403784439,1.51267887105178E-15));
#1773=DIRECTION('center_axis',(3.02535774210355E-15,8.39705455752823E-32,
-1.));
#1774=DIRECTION('ref_axis',(0.866025403784438,0.500000000000002,2.6200366601976E-15));
#1775=DIRECTION('',(0.5,-0.866025403784439,1.51267887105178E-15));
#1776=DIRECTION('center_axis',(3.02535774210355E-15,8.39705455752823E-32,
-1.));
#1777=DIRECTION('ref_axis',(1.51394048812521E-15,-1.,4.49624103125835E-30));
#1778=DIRECTION('',(-1.,5.76168595171106E-17,-3.02535774210355E-15));
#1779=DIRECTION('center_axis',(3.02535774210355E-15,8.39705455752823E-32,
-1.));
#1780=DIRECTION('ref_axis',(-0.866025403784438,0.500000000000001,-2.6200366601976E-15));
#1781=DIRECTION('center_axis',(0.866025403784439,0.5,2.61498140472305E-15));
#1782=DIRECTION('ref_axis',(-0.5,0.866025403784439,-1.51267887105178E-15));
#1783=DIRECTION('',(-3.01952043588543E-15,0.,1.));
#1784=DIRECTION('',(-3.01952043588543E-15,0.,1.));
#1785=DIRECTION('center_axis',(-3.01952043588543E-15,0.,1.));
#1786=DIRECTION('ref_axis',(0.866025403784437,0.500000000000003,2.61498140472304E-15));
#1787=DIRECTION('',(-3.01952043588543E-15,0.,1.));
#1788=DIRECTION('center_axis',(-0.866025403784439,0.5,-2.61498140472305E-15));
#1789=DIRECTION('ref_axis',(-0.5,-0.866025403784439,-1.51267887105178E-15));
#1790=DIRECTION('',(-3.01952043588543E-15,0.,1.));
#1791=DIRECTION('center_axis',(5.76168595171106E-17,1.,1.73975284763455E-31));
#1792=DIRECTION('ref_axis',(-1.,5.76168595171106E-17,-3.02535774210355E-15));
#1793=DIRECTION('',(-3.01952043588543E-15,0.,1.));
#1794=DIRECTION('',(-3.01952043588543E-15,0.,1.));
#1795=DIRECTION('center_axis',(-3.01952043588543E-15,0.,1.));
#1796=DIRECTION('ref_axis',(-0.866025403784438,0.500000000000001,-2.61498140472304E-15));
#1797=DIRECTION('',(-3.01952043588543E-15,0.,1.));
#1798=DIRECTION('center_axis',(0.866025403784439,-0.5,2.61498140472305E-15));
#1799=DIRECTION('ref_axis',(0.5,0.866025403784439,1.51267887105178E-15));
#1800=DIRECTION('',(-3.01952043588543E-15,0.,1.));
#1801=DIRECTION('center_axis',(-3.01952043588543E-15,0.,1.));
#1802=DIRECTION('ref_axis',(-0.866025403784438,0.500000000000001,-2.61498140472304E-15));
#1803=DIRECTION('',(-3.01952043588543E-15,0.,1.));
#1804=DIRECTION('center_axis',(-3.26001509228502E-78,-1.,-9.84368219244955E-93));
#1805=DIRECTION('ref_axis',(1.,-3.26001509228502E-78,3.02535774210355E-15));
#1806=DIRECTION('',(-3.01952043588543E-15,0.,1.));
#1807=DIRECTION('center_axis',(-3.01952043588543E-15,0.,1.));
#1808=DIRECTION('ref_axis',(1.30614473485312E-15,-1.,3.94393071911315E-30));
#1809=DIRECTION('center_axis',(-3.01952043588543E-15,0.,1.));
#1810=DIRECTION('ref_axis',(0.866025403784438,0.500000000000002,2.61498140472304E-15));
#1811=DIRECTION('',(-3.01952043588543E-15,0.,1.));
#1812=DIRECTION('center_axis',(-0.866025403784439,-0.5,-2.61498140472305E-15));
#1813=DIRECTION('ref_axis',(0.5,-0.866025403784439,1.51267887105178E-15));
#1814=DIRECTION('',(-3.01952043588543E-15,0.,1.));
#1815=DIRECTION('center_axis',(-3.01952043588543E-15,0.,1.));
#1816=DIRECTION('ref_axis',(1.51394048812521E-15,-1.,4.57137424260844E-30));
#1817=DIRECTION('center_axis',(1.7101567941784E-32,2.32289914061519E-48,
1.));
#1818=DIRECTION('ref_axis',(-1.,1.22830006532824E-96,1.7101567941784E-32));
#1819=DIRECTION('center_axis',(1.7101567941784E-32,2.32289914061519E-48,
1.));
#1820=DIRECTION('ref_axis',(-1.,1.22830006532824E-96,1.7101567941784E-32));
#1821=DIRECTION('',(1.7101567941784E-32,2.32289914061519E-48,1.));
#1822=DIRECTION('center_axis',(1.7101567941784E-32,2.32289914061519E-48,
1.));
#1823=DIRECTION('ref_axis',(-1.,1.22830006532824E-96,1.7101567941784E-32));
#1824=DIRECTION('center_axis',(1.7101567941784E-32,2.32289914061519E-48,
1.));
#1825=DIRECTION('ref_axis',(-1.,1.22830006532824E-96,1.7101567941784E-32));
#1826=DIRECTION('center_axis',(1.7101567941784E-32,2.32289914061519E-48,
1.));
#1827=DIRECTION('ref_axis',(-1.,1.22830006532824E-96,1.7101567941784E-32));
#1828=DIRECTION('',(1.7101567941784E-32,2.32289914061519E-48,1.));
#1829=DIRECTION('center_axis',(1.7101567941784E-32,2.32289914061519E-48,
1.));
#1830=DIRECTION('ref_axis',(-1.,1.22830006532824E-96,1.7101567941784E-32));
#1831=DIRECTION('center_axis',(1.7101567941784E-32,2.32289914061519E-48,
1.));
#1832=DIRECTION('ref_axis',(-1.,1.22830006532824E-96,1.7101567941784E-32));
#1833=DIRECTION('center_axis',(1.7101567941784E-32,2.32289914061519E-48,
1.));
#1834=DIRECTION('ref_axis',(-1.,1.22830006532824E-96,1.7101567941784E-32));
#1835=DIRECTION('',(1.7101567941784E-32,2.32289914061519E-48,1.));
#1836=DIRECTION('center_axis',(1.7101567941784E-32,2.32289914061519E-48,
1.));
#1837=DIRECTION('ref_axis',(-1.,1.22830006532824E-96,1.7101567941784E-32));
#1838=DIRECTION('center_axis',(1.7101567941784E-32,2.32289914061519E-48,
1.));
#1839=DIRECTION('ref_axis',(-1.,1.22830006532824E-96,1.7101567941784E-32));
#1840=DIRECTION('center_axis',(1.7101567941784E-32,2.32289914061519E-48,
1.));
#1841=DIRECTION('ref_axis',(-1.,1.22830006532824E-96,1.7101567941784E-32));
#1842=DIRECTION('',(1.7101567941784E-32,2.32289914061519E-48,1.));
#1843=DIRECTION('center_axis',(1.7101567941784E-32,2.32289914061519E-48,
1.));
#1844=DIRECTION('ref_axis',(-1.,1.22830006532824E-96,1.7101567941784E-32));
#1845=DIRECTION('center_axis',(1.7101567941784E-32,2.32289914061519E-48,
1.));
#1846=DIRECTION('ref_axis',(-1.,1.22830006532824E-96,1.7101567941784E-32));
#1847=DIRECTION('center_axis',(1.7101567941784E-32,2.32289914061519E-48,
1.));
#1848=DIRECTION('ref_axis',(-1.,1.22830006532824E-96,1.7101567941784E-32));
#1849=DIRECTION('center_axis',(1.7101567941784E-32,2.32289914061519E-48,
1.));
#1850=DIRECTION('ref_axis',(-1.,1.22830006532824E-96,1.7101567941784E-32));
#1851=DIRECTION('',(1.7101567941784E-32,2.32289914061519E-48,1.));
#1852=DIRECTION('center_axis',(1.7101567941784E-32,2.32289914061519E-48,
1.));
#1853=DIRECTION('ref_axis',(-1.,1.22830006532824E-96,1.7101567941784E-32));
#1854=DIRECTION('center_axis',(1.7101567941784E-32,2.32289914061519E-48,
1.));
#1855=DIRECTION('ref_axis',(-1.,1.22830006532824E-96,1.7101567941784E-32));
#1856=DIRECTION('center_axis',(1.7101567941784E-32,2.32289914061519E-48,
1.));
#1857=DIRECTION('ref_axis',(-1.,1.22830006532824E-96,1.7101567941784E-32));
#1858=DIRECTION('center_axis',(1.7101567941784E-32,2.32289914061519E-48,
1.));
#1859=DIRECTION('ref_axis',(-1.,1.22830006532824E-96,1.7101567941784E-32));
#1860=DIRECTION('',(1.7101567941784E-32,2.32289914061519E-48,1.));
#1861=DIRECTION('center_axis',(1.7101567941784E-32,2.32289914061519E-48,
1.));
#1862=DIRECTION('ref_axis',(-1.,1.22830006532824E-96,1.7101567941784E-32));
#1863=DIRECTION('center_axis',(1.7101567941784E-32,2.32289914061519E-48,
1.));
#1864=DIRECTION('ref_axis',(-1.,1.22830006532824E-96,1.7101567941784E-32));
#1865=DIRECTION('center_axis',(1.7101567941784E-32,2.32289914061519E-48,
1.));
#1866=DIRECTION('ref_axis',(-1.,1.22830006532824E-96,1.7101567941784E-32));
#1867=DIRECTION('center_axis',(1.7101567941784E-32,2.32289914061519E-48,
1.));
#1868=DIRECTION('ref_axis',(-1.,1.22830006532824E-96,1.7101567941784E-32));
#1869=DIRECTION('',(1.7101567941784E-32,2.32289914061519E-48,1.));
#1870=DIRECTION('center_axis',(1.7101567941784E-32,2.32289914061519E-48,
1.));
#1871=DIRECTION('ref_axis',(-1.,1.22830006532824E-96,1.7101567941784E-32));
#1872=DIRECTION('center_axis',(1.7101567941784E-32,2.32289914061519E-48,
1.));
#1873=DIRECTION('ref_axis',(-1.,1.22830006532824E-96,1.7101567941784E-32));
#1874=DIRECTION('center_axis',(1.7101567941784E-32,2.32289914061519E-48,
1.));
#1875=DIRECTION('ref_axis',(-1.,1.22830006532824E-96,1.7101567941784E-32));
#1876=DIRECTION('',(1.7101567941784E-32,2.32289914061519E-48,1.));
#1877=DIRECTION('center_axis',(1.7101567941784E-32,2.32289914061519E-48,
1.));
#1878=DIRECTION('ref_axis',(-1.,1.22830006532824E-96,1.7101567941784E-32));
#1879=DIRECTION('',(1.7101567941784E-32,2.32289914061519E-48,1.));
#1880=DIRECTION('center_axis',(1.7101567941784E-32,2.32289914061519E-48,
1.));
#1881=DIRECTION('ref_axis',(-1.,1.22830006532824E-96,1.7101567941784E-32));
#1882=DIRECTION('',(1.7101567941784E-32,2.32289914061519E-48,1.));
#1883=DIRECTION('center_axis',(1.7101567941784E-32,2.32289914061519E-48,
1.));
#1884=DIRECTION('ref_axis',(-1.,1.22830006532824E-96,1.7101567941784E-32));
#1885=DIRECTION('',(1.7101567941784E-32,2.32289914061519E-48,1.));
#1886=CARTESIAN_POINT('',(0.,0.,0.));
#1887=CARTESIAN_POINT('Origin',(6.86325132499167,-3.9625,-60.));
#1888=CARTESIAN_POINT('',(10.6132513249917,-3.9625,-60.5));
#1889=CARTESIAN_POINT('Origin',(6.86325132499167,-3.9625,-60.5));
#1890=CARTESIAN_POINT('',(9.61325132499167,-3.9625,-59.5));
#1891=CARTESIAN_POINT('',(10.1132513249917,-3.9625,-60.));
#1892=CARTESIAN_POINT('Origin',(6.86325132499167,-3.9625,-59.5));
#1893=CARTESIAN_POINT('Origin',(0.,0.,-60.5));
#1894=CARTESIAN_POINT('',(-30.5,3.33066907387547E-15,-60.5));
#1895=CARTESIAN_POINT('Origin',(0.,0.,-60.5));
#1896=CARTESIAN_POINT('',(-3.11325132499168,-3.9625,-60.5));
#1897=CARTESIAN_POINT('Origin',(-6.86325132499168,-3.9625,-60.5));
#1898=CARTESIAN_POINT('',(3.75,7.925,-60.5));
#1899=CARTESIAN_POINT('Origin',(-2.22044604925031E-15,7.925,-60.5));
#1900=CARTESIAN_POINT('Origin',(6.86325132499167,-3.9625,-58.));
#1901=CARTESIAN_POINT('',(9.61325132499167,-3.9625,-52.));
#1902=CARTESIAN_POINT('',(9.61325132499167,-3.9625,-58.));
#1903=CARTESIAN_POINT('Origin',(6.86325132499167,-3.9625,-52.));
#1904=CARTESIAN_POINT('Origin',(-6.86325132499168,-3.9625,-60.));
#1905=CARTESIAN_POINT('',(-4.11325132499168,-3.9625,-59.5));
#1906=CARTESIAN_POINT('',(-3.61325132499168,-3.9625,-60.));
#1907=CARTESIAN_POINT('Origin',(-6.86325132499168,-3.9625,-59.5));
#1908=CARTESIAN_POINT('Origin',(-6.86325132499168,-3.9625,-58.));
#1909=CARTESIAN_POINT('',(-4.11325132499168,-3.9625,-52.));
#1910=CARTESIAN_POINT('',(-4.11325132499168,-3.9625,-58.));
#1911=CARTESIAN_POINT('Origin',(-6.86325132499168,-3.9625,-52.));
#1912=CARTESIAN_POINT('Origin',(-2.22044604925031E-15,7.925,-60.));
#1913=CARTESIAN_POINT('',(2.75,7.925,-59.5));
#1914=CARTESIAN_POINT('',(3.25,7.925,-60.));
#1915=CARTESIAN_POINT('Origin',(-2.22044604925031E-15,7.925,-59.5));
#1916=CARTESIAN_POINT('Origin',(-2.22044604925031E-15,7.925,-58.));
#1917=CARTESIAN_POINT('',(2.75,7.925,-52.));
#1918=CARTESIAN_POINT('',(2.75,7.925,-58.));
#1919=CARTESIAN_POINT('Origin',(-2.22044604925031E-15,7.925,-52.));
#1920=CARTESIAN_POINT('Origin',(-3.59090909090909,-3.83531590325054E-15,
-64.));
#1921=CARTESIAN_POINT('',(-26.5758662621016,-29.6890965993894,-64.));
#1922=CARTESIAN_POINT('',(-23.25,-27.,-64.));
#1923=CARTESIAN_POINT('Origin',(-26.,-27.,-64.));
#1924=CARTESIAN_POINT('',(-28.6257751204935,-27.8181192548918,-64.));
#1925=CARTESIAN_POINT('Origin',(-26.,-27.,-64.));
#1926=CARTESIAN_POINT('',(-33.5,-7.7715611723761E-15,-64.));
#1927=CARTESIAN_POINT('Ctrl Pts',(-33.5,-8.88178419700125E-15,-64.));
#1928=CARTESIAN_POINT('Ctrl Pts',(-33.5,-1.03775665117057,-64.));
#1929=CARTESIAN_POINT('Ctrl Pts',(-33.5,-2.08403006053334,-64.));
#1930=CARTESIAN_POINT('Ctrl Pts',(-33.5,-3.13436189535624,-64.));
#1931=CARTESIAN_POINT('Ctrl Pts',(-33.5,-4.205255674872,-64.));
#1932=CARTESIAN_POINT('Ctrl Pts',(-33.5,-5.28037476934351,-64.));
#1933=CARTESIAN_POINT('Ctrl Pts',(-33.5,-6.35501189126978,-64.));
#1934=CARTESIAN_POINT('Ctrl Pts',(-33.5,-6.5793300308137,-64.));
#1935=CARTESIAN_POINT('Ctrl Pts',(-33.5,-6.80362703397896,-64.));
#1936=CARTESIAN_POINT('Ctrl Pts',(-33.5,-7.02785977017794,-64.));
#1937=CARTESIAN_POINT('Ctrl Pts',(-33.5,-7.14429277954301,-64.));
#1938=CARTESIAN_POINT('Ctrl Pts',(-33.5,-7.26070845837573,-64.));
#1939=CARTESIAN_POINT('Ctrl Pts',(-33.5,-7.37710074822974,-64.));
#1940=CARTESIAN_POINT('Ctrl Pts',(-33.5,-7.43993944480084,-64.));
#1941=CARTESIAN_POINT('Ctrl Pts',(-33.5,-7.50276905854606,-64.));
#1942=CARTESIAN_POINT('Ctrl Pts',(-33.5,-7.56557978866303,-64.));
#1943=CARTESIAN_POINT('Ctrl Pts',(-33.5,-7.90022467974339,-64.));
#1944=CARTESIAN_POINT('Ctrl Pts',(-33.5,-8.23440495687028,-64.));
#1945=CARTESIAN_POINT('Ctrl Pts',(-33.5,-8.56796781465197,-64.));
#1946=CARTESIAN_POINT('Ctrl Pts',(-33.5,-8.73819037014746,-64.));
#1947=CARTESIAN_POINT('Ctrl Pts',(-33.5,-8.90824962120491,-64.));
#1948=CARTESIAN_POINT('Ctrl Pts',(-33.5,-9.07813421403925,-64.));
#1949=CARTESIAN_POINT('Ctrl Pts',(-33.5,-10.3037978765564,-64.));
#1950=CARTESIAN_POINT('Ctrl Pts',(-33.5,-11.5206182729211,-64.));
#1951=CARTESIAN_POINT('Ctrl Pts',(-33.5,-12.7328048104383,-64.));
#1952=CARTESIAN_POINT('Ctrl Pts',(-33.5,-13.6572823630923,-64.));
#1953=CARTESIAN_POINT('Ctrl Pts',(-33.5,-14.5790626913421,-64.));
#1954=CARTESIAN_POINT('Ctrl Pts',(-33.5,-15.5,-64.));
#1955=CARTESIAN_POINT('Ctrl Pts',(-33.5,-16.8342606500268,-64.));
#1956=CARTESIAN_POINT('Ctrl Pts',(-33.3531763826279,-18.1589031740358,-64.));
#1957=CARTESIAN_POINT('Ctrl Pts',(-33.0591476787953,-19.4610085193254,-64.));
#1958=CARTESIAN_POINT('Ctrl Pts',(-32.9856890806716,-19.7863197288351,-64.));
#1959=CARTESIAN_POINT('Ctrl Pts',(-32.9030423622481,-20.1102242825976,-64.));
#1960=CARTESIAN_POINT('Ctrl Pts',(-32.8112879467451,-20.4321473285212,-64.));
#1961=CARTESIAN_POINT('Ctrl Pts',(-32.7756936036512,-20.5570311205831,-64.));
#1962=CARTESIAN_POINT('Ctrl Pts',(-32.7387286421429,-20.6816167168631,-64.));
#1963=CARTESIAN_POINT('Ctrl Pts',(-32.7003977577031,-20.8058705637668,-64.));
#1964=CARTESIAN_POINT('Ctrl Pts',(-32.6802358189944,-20.871227741985,-64.));
#1965=CARTESIAN_POINT('Ctrl Pts',(-32.6596960609785,-20.9364930075615,-64.));
#1966=CARTESIAN_POINT('Ctrl Pts',(-32.6387747205999,-21.0016748247185,-64.));
#1967=CARTESIAN_POINT('Ctrl Pts',(-32.5132317339431,-21.3928122878796,-64.));
#1968=CARTESIAN_POINT('Ctrl Pts',(-32.3739827444279,-21.7808180911542,-64.));
#1969=CARTESIAN_POINT('Ctrl Pts',(-32.2211864831204,-22.1644384698223,-64.));
#1970=CARTESIAN_POINT('Ctrl Pts',(-32.0734912173271,-22.535251952471,-64.));
#1971=CARTESIAN_POINT('Ctrl Pts',(-31.9131384474669,-22.9019674060202,-64.));
#1972=CARTESIAN_POINT('Ctrl Pts',(-31.7403166707912,-23.2634628075959,-64.));
#1973=CARTESIAN_POINT('Ctrl Pts',(-31.5627198860778,-23.6349462065252,-64.));
#1974=CARTESIAN_POINT('Ctrl Pts',(-31.3719556982716,-24.0009162313323,-64.));
#1975=CARTESIAN_POINT('Ctrl Pts',(-31.1690768802539,-24.3596645707056,-64.));
#1976=CARTESIAN_POINT('Ctrl Pts',(-31.0385266863465,-24.5905150149595,-64.));
#1977=CARTESIAN_POINT('Ctrl Pts',(-30.9029610401395,-24.8183755851775,-64.));
#1978=CARTESIAN_POINT('Ctrl Pts',(-30.7626692233059,-25.042798459487,-64.));
#1979=CARTESIAN_POINT('Ctrl Pts',(-30.5439765665197,-25.3926380704784,-64.));
#1980=CARTESIAN_POINT('Ctrl Pts',(-30.3137975420236,-25.7341224862894,-64.));
#1981=CARTESIAN_POINT('Ctrl Pts',(-30.0727564342905,-26.0666263207065,-64.));
#1982=CARTESIAN_POINT('Ctrl Pts',(-29.8500536118346,-26.3738334319685,-64.));
#1983=CARTESIAN_POINT('Ctrl Pts',(-29.6180791779441,-26.6733746363535,-64.));
#1984=CARTESIAN_POINT('Ctrl Pts',(-29.3773516446862,-26.9647864958832,-64.));
#1985=CARTESIAN_POINT('Ctrl Pts',(-29.3571810094531,-26.9892039866522,-64.));
#1986=CARTESIAN_POINT('Ctrl Pts',(-29.3369498802364,-27.0135633255925,-64.));
#1987=CARTESIAN_POINT('Ctrl Pts',(-29.3166467585981,-27.0378782790358,-64.));
#1988=CARTESIAN_POINT('Ctrl Pts',(-29.130996875896,-27.2602119839248,-64.));
#1989=CARTESIAN_POINT('Ctrl Pts',(-28.9395451382101,-27.4785631423855,-64.));
#1990=CARTESIAN_POINT('Ctrl Pts',(-28.742564231727,-27.6924910189304,-64.));
#1991=CARTESIAN_POINT('Ctrl Pts',(-28.7039895896934,-27.734384375023,-64.));
#1992=CARTESIAN_POINT('Ctrl Pts',(-28.6652030395738,-27.7761081946903,-64.));
#1993=CARTESIAN_POINT('Ctrl Pts',(-28.6262068181916,-27.8176593062943,-64.));
#1994=CARTESIAN_POINT('',(-28.6257605079762,27.8172403537128,-63.9999999608101));
#1995=CARTESIAN_POINT('Ctrl Pts',(-28.6257605356014,27.817240371186,-63.9999999206363));
#1996=CARTESIAN_POINT('Ctrl Pts',(-28.7566285347046,27.6777820212528,-63.9999999439727));
#1997=CARTESIAN_POINT('Ctrl Pts',(-28.8851080859998,27.536413702052,-63.9999999611599));
#1998=CARTESIAN_POINT('Ctrl Pts',(-29.0111855806959,27.3933131267804,-63.9999999666403));
#1999=CARTESIAN_POINT('Ctrl Pts',(-29.2028020122115,27.175824496891,-63.9999999749697));
#2000=CARTESIAN_POINT('Ctrl Pts',(-29.3894295869291,26.9533863063148,-63.9999999807361));
#2001=CARTESIAN_POINT('Ctrl Pts',(-29.5707045089175,26.7262507495679,-63.9999999850122));
#2002=CARTESIAN_POINT('Ctrl Pts',(-29.8067397722202,26.430501065309,-63.99999999058));
#2003=CARTESIAN_POINT('Ctrl Pts',(-30.0336982145434,26.1267864482149,-63.9999999936389));
#2004=CARTESIAN_POINT('Ctrl Pts',(-30.251217579291,25.8154665684981,-63.9999999956318));
#2005=CARTESIAN_POINT('Ctrl Pts',(-30.4195183971662,25.5745896680072,-63.9999999971738));
#2006=CARTESIAN_POINT('Ctrl Pts',(-30.5821691804357,25.3291606097441,-63.9999999980537));
#2007=CARTESIAN_POINT('Ctrl Pts',(-30.7390180036522,25.0793603659297,-63.9999999986377));
#2008=CARTESIAN_POINT('Ctrl Pts',(-30.9423186371004,24.7555801375447,-63.9999999993946));
#2009=CARTESIAN_POINT('Ctrl Pts',(-31.1358705622611,24.4244548623569,-63.999999999658));
#2010=CARTESIAN_POINT('Ctrl Pts',(-31.3186811036378,24.0877944890722,-63.9999999998067));
#2011=CARTESIAN_POINT('Ctrl Pts',(-31.4584813190946,23.8303411039089,-63.9999999999204));
#2012=CARTESIAN_POINT('Ctrl Pts',(-31.5920005340983,23.56965177403,-63.9999999999562));
#2013=CARTESIAN_POINT('Ctrl Pts',(-31.7188123183544,23.3065466870214,-63.9999999999761));
#2014=CARTESIAN_POINT('Ctrl Pts',(-31.8848261814385,22.962106364321,-64.0000000000022));
#2015=CARTESIAN_POINT('Ctrl Pts',(-32.0393428957077,22.6135252660927,-63.9999999999993));
#2016=CARTESIAN_POINT('Ctrl Pts',(-32.1822748761081,22.2612182479955,-63.9999999999998));
#2017=CARTESIAN_POINT('Ctrl Pts',(-32.3013154078501,21.9678002553725,-64.0000000000002));
#2018=CARTESIAN_POINT('Ctrl Pts',(-32.4123212307224,21.6717982000927,-64.));
#2019=CARTESIAN_POINT('Ctrl Pts',(-32.5152680192392,21.3734601766825,-64.));
#2020=CARTESIAN_POINT('Ctrl Pts',(-32.7027393690005,20.8301714278088,-64.));
#2021=CARTESIAN_POINT('Ctrl Pts',(-32.8639718476715,20.2777334180898,-64.));
#2022=CARTESIAN_POINT('Ctrl Pts',(-32.9987059784518,19.716990469337,-64.));
#2023=CARTESIAN_POINT('Ctrl Pts',(-33.01490891752,19.649556302664,-64.));
#2024=CARTESIAN_POINT('Ctrl Pts',(-33.0307286913515,19.5820020520366,-64.));
#2025=CARTESIAN_POINT('Ctrl Pts',(-33.0461648958473,19.5143292044335,-64.));
#2026=CARTESIAN_POINT('Ctrl Pts',(-33.1745715715665,18.9513899534319,-64.));
#2027=CARTESIAN_POINT('Ctrl Pts',(-33.276432060408,18.3802421670236,-64.));
#2028=CARTESIAN_POINT('Ctrl Pts',(-33.3508374348281,17.8048428542915,-64.));
#2029=CARTESIAN_POINT('Ctrl Pts',(-33.4250214457132,17.2311554128714,-64.));
#2030=CARTESIAN_POINT('Ctrl Pts',(-33.4719132245673,16.6532428851634,-64.));
#2031=CARTESIAN_POINT('Ctrl Pts',(-33.490661529974,16.0750387471945,-64.));
#2032=CARTESIAN_POINT('Ctrl Pts',(-33.4968772623842,15.8833434380897,-64.));
#2033=CARTESIAN_POINT('Ctrl Pts',(-33.5,15.6916160949244,-64.));
#2034=CARTESIAN_POINT('Ctrl Pts',(-33.5,15.5,-64.));
#2035=CARTESIAN_POINT('Ctrl Pts',(-33.5,14.1435538552971,-64.));
#2036=CARTESIAN_POINT('Ctrl Pts',(-33.5,12.7973464038989,-64.));
#2037=CARTESIAN_POINT('Ctrl Pts',(-33.5,11.4535790031227,-64.));
#2038=CARTESIAN_POINT('Ctrl Pts',(-33.5,10.6001034951574,-64.));
#2039=CARTESIAN_POINT('Ctrl Pts',(-33.5,9.74761423445514,-64.));
#2040=CARTESIAN_POINT('Ctrl Pts',(-33.5,8.89411530563338,-64.));
#2041=CARTESIAN_POINT('Ctrl Pts',(-33.5,8.88002019689014,-64.));
#2042=CARTESIAN_POINT('Ctrl Pts',(-33.5,8.86592481260722,-64.));
#2043=CARTESIAN_POINT('Ctrl Pts',(-33.5,8.8518291437746,-64.));
#2044=CARTESIAN_POINT('Ctrl Pts',(-33.5,8.65152972309425,-64.));
#2045=CARTESIAN_POINT('Ctrl Pts',(-33.5,8.45117284497659,-64.));
#2046=CARTESIAN_POINT('Ctrl Pts',(-33.5,8.25075747663438,-64.));
#2047=CARTESIAN_POINT('Ctrl Pts',(-33.5,8.11178004425689,-64.));
#2048=CARTESIAN_POINT('Ctrl Pts',(-33.5,7.97277448574886,-64.));
#2049=CARTESIAN_POINT('Ctrl Pts',(-33.5,7.83374045687529,-64.));
#2050=CARTESIAN_POINT('Ctrl Pts',(-33.5,7.74764531427862,-64.));
#2051=CARTESIAN_POINT('Ctrl Pts',(-33.5,7.66153918771063,-64.));
#2052=CARTESIAN_POINT('Ctrl Pts',(-33.5,7.57543669307822,-64.));
#2053=CARTESIAN_POINT('Ctrl Pts',(-33.5,5.05029082602632,-64.));
#2054=CARTESIAN_POINT('Ctrl Pts',(-33.5,2.52514556785311,-64.));
#2055=CARTESIAN_POINT('Ctrl Pts',(-33.5,-8.88178238436079E-15,-64.));
#2056=CARTESIAN_POINT('',(-23.25,27.,-64.));
#2057=CARTESIAN_POINT('Origin',(-26.,27.,-64.));
#2058=CARTESIAN_POINT('',(-26.5756570512559,29.6890739965951,-63.999999867039));
#2059=CARTESIAN_POINT('Origin',(-26.,27.,-64.));
#2060=CARTESIAN_POINT('',(26.575983968207,29.6891023299824,-64.));
#2061=CARTESIAN_POINT('Ctrl Pts',(26.5757946618499,29.6892502825825,-64.));
#2062=CARTESIAN_POINT('Ctrl Pts',(26.3559729319592,29.8610476691342,-64.));
#2063=CARTESIAN_POINT('Ctrl Pts',(26.1323980830888,30.0275204452016,-64.));
#2064=CARTESIAN_POINT('Ctrl Pts',(25.9054564822468,30.1884262440473,-64.));
#2065=CARTESIAN_POINT('Ctrl Pts',(25.6999775054139,30.3341146448986,-64.));
#2066=CARTESIAN_POINT('Ctrl Pts',(25.4917389536499,30.4752397176466,-64.));
#2067=CARTESIAN_POINT('Ctrl Pts',(25.2810468231123,30.6116529754609,-64.));
#2068=CARTESIAN_POINT('Ctrl Pts',(25.2488221506953,30.6325169371817,-64.));
#2069=CARTESIAN_POINT('Ctrl Pts',(25.2165428121051,30.653269054079,-64.));
#2070=CARTESIAN_POINT('Ctrl Pts',(25.1841882955928,30.6739225499035,-64.));
#2071=CARTESIAN_POINT('Ctrl Pts',(24.8255221127742,30.9028769991666,-64.));
#2072=CARTESIAN_POINT('Ctrl Pts',(24.4581312881642,31.1193711649313,-64.));
#2073=CARTESIAN_POINT('Ctrl Pts',(24.082633577956,31.3228575698834,-64.));
#2074=CARTESIAN_POINT('Ctrl Pts',(23.8275992285266,31.4610635335786,-64.));
#2075=CARTESIAN_POINT('Ctrl Pts',(23.568825943931,31.5932697991291,-64.));
#2076=CARTESIAN_POINT('Ctrl Pts',(23.3065160046775,31.7193154061074,-64.));
#2077=CARTESIAN_POINT('Ctrl Pts',(22.9224613727958,31.9038619746673,-64.));
#2078=CARTESIAN_POINT('Ctrl Pts',(22.5308237126465,32.0752002704045,-64.));
#2079=CARTESIAN_POINT('Ctrl Pts',(22.1333841176096,32.232651171395,-64.));
#2080=CARTESIAN_POINT('Ctrl Pts',(21.7331016571823,32.3912283107441,-64.));
#2081=CARTESIAN_POINT('Ctrl Pts',(21.3269348734027,32.5357182891426,-64.));
#2082=CARTESIAN_POINT('Ctrl Pts',(20.9167294616226,32.6654731923594,-64.));
#2083=CARTESIAN_POINT('Ctrl Pts',(20.5099734587709,32.7941369892456,-64.));
#2084=CARTESIAN_POINT('Ctrl Pts',(20.0992474074213,32.9083122356973,-64.));
#2085=CARTESIAN_POINT('Ctrl Pts',(19.6863624487418,33.0074167180007,-64.));
#2086=CARTESIAN_POINT('Ctrl Pts',(19.6200130364769,33.023342520129,-64.));
#2087=CARTESIAN_POINT('Ctrl Pts',(19.5536078808067,33.0388792506452,-64.));
#2088=CARTESIAN_POINT('Ctrl Pts',(19.487154500584,33.0540246206141,-64.));
#2089=CARTESIAN_POINT('Ctrl Pts',(19.3231408276471,33.0914049276545,-64.));
#2090=CARTESIAN_POINT('Ctrl Pts',(19.1588333841833,33.1264011690623,-64.));
#2091=CARTESIAN_POINT('Ctrl Pts',(18.9942662589421,33.1590243692822,-64.));
#2092=CARTESIAN_POINT('Ctrl Pts',(18.9225498913369,33.1732411663247,-64.));
#2093=CARTESIAN_POINT('Ctrl Pts',(18.8507842085281,33.1870073121131,-64.));
#2094=CARTESIAN_POINT('Ctrl Pts',(18.7789720368939,33.200323791325,-64.));
#2095=CARTESIAN_POINT('Ctrl Pts',(18.7162438146913,33.2119557897446,-64.));
#2096=CARTESIAN_POINT('Ctrl Pts',(18.6534719230923,33.2232462327504,-64.));
#2097=CARTESIAN_POINT('Ctrl Pts',(18.5906518315393,33.2341965781797,-64.));
#2098=CARTESIAN_POINT('Ctrl Pts',(18.1441054406254,33.3120353254631,-64.));
#2099=CARTESIAN_POINT('Ctrl Pts',(17.6952225415309,33.3726667056885,-64.));
#2100=CARTESIAN_POINT('Ctrl Pts',(17.2446167532216,33.4162280899422,-64.));
#2101=CARTESIAN_POINT('Ctrl Pts',(16.7899226334884,33.4601847051953,-64.));
#2102=CARTESIAN_POINT('Ctrl Pts',(16.3334744411645,33.4867601846429,-64.));
#2103=CARTESIAN_POINT('Ctrl Pts',(15.8759083480943,33.4961483820339,-64.));
#2104=CARTESIAN_POINT('Ctrl Pts',(15.7506849112409,33.4987176771826,-64.));
#2105=CARTESIAN_POINT('Ctrl Pts',(15.6253777689378,33.5,-64.));
#2106=CARTESIAN_POINT('Ctrl Pts',(15.5,33.5,-64.));
#2107=CARTESIAN_POINT('Ctrl Pts',(14.2073319962424,33.5,-64.));
#2108=CARTESIAN_POINT('Ctrl Pts',(12.9078216144553,33.5,-64.));
#2109=CARTESIAN_POINT('Ctrl Pts',(11.613180436884,33.5,-64.));
#2110=CARTESIAN_POINT('Ctrl Pts',(11.3299776792903,33.5,-64.));
#2111=CARTESIAN_POINT('Ctrl Pts',(11.0470080172796,33.5,-64.));
#2112=CARTESIAN_POINT('Ctrl Pts',(10.7643941301921,33.5,-64.));
#2113=CARTESIAN_POINT('Ctrl Pts',(10.7052023028645,33.5,-64.));
#2114=CARTESIAN_POINT('Ctrl Pts',(10.6460260821978,33.5,-64.));
#2115=CARTESIAN_POINT('Ctrl Pts',(10.5868665951917,33.5,-64.));
#2116=CARTESIAN_POINT('Ctrl Pts',(10.5367196449004,33.5,-64.));
#2117=CARTESIAN_POINT('Ctrl Pts',(10.4865864248141,33.5,-64.));
#2118=CARTESIAN_POINT('Ctrl Pts',(10.4364478298411,33.5,-64.));
#2119=CARTESIAN_POINT('Ctrl Pts',(8.27507367455298,33.5,-64.));
#2120=CARTESIAN_POINT('Ctrl Pts',(6.111588642486,33.5,-64.));
#2121=CARTESIAN_POINT('Ctrl Pts',(3.94774010994403,33.5,-64.));
#2122=CARTESIAN_POINT('Ctrl Pts',(3.13629691024079,33.5,-64.));
#2123=CARTESIAN_POINT('Ctrl Pts',(2.3248027457245,33.5,-64.));
#2124=CARTESIAN_POINT('Ctrl Pts',(1.51335029210787,33.5,-64.));
#2125=CARTESIAN_POINT('Ctrl Pts',(1.13600051811312,33.5,-64.));
#2126=CARTESIAN_POINT('Ctrl Pts',(0.758659768119825,33.5,-64.));
#2127=CARTESIAN_POINT('Ctrl Pts',(0.381337381902878,33.5,-64.));
#2128=CARTESIAN_POINT('Ctrl Pts',(0.233136943161501,33.5,-64.));
#2129=CARTESIAN_POINT('Ctrl Pts',(0.0849373446826732,33.5,-64.));
#2130=CARTESIAN_POINT('Ctrl Pts',(-0.063254498420463,33.5,-64.));
#2131=CARTESIAN_POINT('Ctrl Pts',(-0.707496141166023,33.5,-64.));
#2132=CARTESIAN_POINT('Ctrl Pts',(-1.35145990456759,33.5,-64.));
#2133=CARTESIAN_POINT('Ctrl Pts',(-1.99511643755515,33.5,-64.));
#2134=CARTESIAN_POINT('Ctrl Pts',(-2.54869747748283,33.5,-64.));
#2135=CARTESIAN_POINT('Ctrl Pts',(-3.10204240250507,33.5,-64.));
#2136=CARTESIAN_POINT('Ctrl Pts',(-3.65521268591984,33.5,-64.));
#2137=CARTESIAN_POINT('Ctrl Pts',(-7.6042949864213,33.5,-64.));
#2138=CARTESIAN_POINT('Ctrl Pts',(-11.5445535899532,33.5,-64.));
#2139=CARTESIAN_POINT('Ctrl Pts',(-15.5,33.5,-64.));
#2140=CARTESIAN_POINT('Ctrl Pts',(-15.8482878307823,33.5,-64.));
#2141=CARTESIAN_POINT('Ctrl Pts',(-16.1966215959445,33.4898342950623,-64.0000000034067));
#2142=CARTESIAN_POINT('Ctrl Pts',(-16.5445817729685,33.4695620898286,-63.9999999824369));
#2143=CARTESIAN_POINT('Ctrl Pts',(-16.8933163598972,33.449244767373,-63.9999999614204));
#2144=CARTESIAN_POINT('Ctrl Pts',(-17.2416768165938,33.4187756019905,-63.9999999101733));
#2145=CARTESIAN_POINT('Ctrl Pts',(-17.5892333586932,33.3781622261141,-63.9999998236209));
#2146=CARTESIAN_POINT('Ctrl Pts',(-17.9312069933669,33.3382012353616,-63.9999997384588));
#2147=CARTESIAN_POINT('Ctrl Pts',(-18.2724031712802,33.2884188995674,-63.9999996196825));
#2148=CARTESIAN_POINT('Ctrl Pts',(-18.6123908364528,33.2287778296515,-63.9999995217257));
#2149=CARTESIAN_POINT('Ctrl Pts',(-18.9409329230523,33.1711445577289,-63.9999994270666));
#2150=CARTESIAN_POINT('Ctrl Pts',(-19.2683469683844,33.1043047083674,-63.9999993572375));
#2151=CARTESIAN_POINT('Ctrl Pts',(-19.5942143430979,33.028188979533,-63.999999371323));
#2152=CARTESIAN_POINT('Ctrl Pts',(-19.9224553636926,32.9515188172073,-63.999999385511));
#2153=CARTESIAN_POINT('Ctrl Pts',(-20.2487076066868,32.8655578787473,-63.9999994690208));
#2154=CARTESIAN_POINT('Ctrl Pts',(-20.572194423872,32.7705551206039,-63.9999995652505));
#2155=CARTESIAN_POINT('Ctrl Pts',(-20.8923842983414,32.6765206203146,-63.9999996604993));
#2156=CARTESIAN_POINT('Ctrl Pts',(-21.2098642404548,32.5736279806177,-63.9999997647134));
#2157=CARTESIAN_POINT('Ctrl Pts',(-21.5239101736971,32.4621597707279,-63.9999998395441));
#2158=CARTESIAN_POINT('Ctrl Pts',(-21.8334331313034,32.3522969565594,-63.9999999132971));
#2159=CARTESIAN_POINT('Ctrl Pts',(-22.139619894482,32.2341041244277,-63.9999999585508));
#2160=CARTESIAN_POINT('Ctrl Pts',(-22.441812753469,32.1078873019772,-63.999999979425));
#2161=CARTESIAN_POINT('Ctrl Pts',(-22.7340055009651,31.9858472238109,-63.9999999996084));
#2162=CARTESIAN_POINT('Ctrl Pts',(-23.0224642052646,31.8563057859218,-63.9999999998124));
#2163=CARTESIAN_POINT('Ctrl Pts',(-23.3066310382809,31.7195679822304,-63.9999999999742));
#2164=CARTESIAN_POINT('Ctrl Pts',(-23.3661070781605,31.6909487975808,-64.000000000008));
#2165=CARTESIAN_POINT('Ctrl Pts',(-23.4253952416748,31.6620144585611,-64.));
#2166=CARTESIAN_POINT('Ctrl Pts',(-23.4844918642989,31.6327696385898,-64.));
#2167=CARTESIAN_POINT('Ctrl Pts',(-23.765723652413,31.4935980134037,-64.));
#2168=CARTESIAN_POINT('Ctrl Pts',(-24.0439985031309,31.3466565964751,-64.000000000996));
#2169=CARTESIAN_POINT('Ctrl Pts',(-24.3187231301604,31.1921898377536,-63.9999999954783));
#2170=CARTESIAN_POINT('Ctrl Pts',(-24.5949854589957,31.0368584903115,-63.9999999899297));
#2171=CARTESIAN_POINT('Ctrl Pts',(-24.8676573414852,30.8739174484309,-63.9999999764161));
#2172=CARTESIAN_POINT('Ctrl Pts',(-25.1361440290104,30.7036676980021,-63.9999999496649));
#2173=CARTESIAN_POINT('Ctrl Pts',(-25.4064473745026,30.5322659889108,-63.9999999227328));
#2174=CARTESIAN_POINT('Ctrl Pts',(-25.6725082976942,30.3534564752799,-63.9999998820473));
#2175=CARTESIAN_POINT('Ctrl Pts',(-25.933734350834,30.1675972430513,-63.9999998376953));
#2176=CARTESIAN_POINT('Ctrl Pts',(-26.151168501404,30.0128954290497,-63.9999998007785));
#2177=CARTESIAN_POINT('Ctrl Pts',(-26.3652530869337,29.8533103767456,-63.9999997619377));
#2178=CARTESIAN_POINT('Ctrl Pts',(-26.5756570512422,29.6890739965776,-63.9999997337128));
#2179=CARTESIAN_POINT('',(28.75,27.,-64.));
#2180=CARTESIAN_POINT('Origin',(26.,27.,-64.));
#2181=CARTESIAN_POINT('',(28.625760474452,27.8172404363587,-63.9999999962286));
#2182=CARTESIAN_POINT('Origin',(26.,27.,-64.));
#2183=CARTESIAN_POINT('',(28.6257683879996,-27.8177208119409,-64.));
#2184=CARTESIAN_POINT('Ctrl Pts',(28.6260042433315,-27.8174691794172,-64.));
#2185=CARTESIAN_POINT('Ctrl Pts',(28.881768009425,-27.5447580040096,-64.));
#2186=CARTESIAN_POINT('Ctrl Pts',(29.129045527523,-27.2640777899314,-63.9999999942189));
#2187=CARTESIAN_POINT('Ctrl Pts',(29.3677683238223,-26.9754253791936,-63.9999999716453));
#2188=CARTESIAN_POINT('Ctrl Pts',(29.4369722735284,-26.8917472084243,-63.9999999651013));
#2189=CARTESIAN_POINT('Ctrl Pts',(29.5054569817696,-26.8073989787421,-63.9999999573853));
#2190=CARTESIAN_POINT('Ctrl Pts',(29.573219996124,-26.7223804001381,-63.9999999489245));
#2191=CARTESIAN_POINT('Ctrl Pts',(29.8076772759705,-26.4282195682179,-63.9999999196505));
#2192=CARTESIAN_POINT('Ctrl Pts',(30.0334986278622,-26.1260345391037,-63.9999998800598));
#2193=CARTESIAN_POINT('Ctrl Pts',(30.2495991871522,-25.8171961668824,-63.9999998691557));
#2194=CARTESIAN_POINT('Ctrl Pts',(30.4186711364266,-25.5755683535452,-63.9999998606246));
#2195=CARTESIAN_POINT('Ctrl Pts',(30.58179203301,-25.329867431129,-63.9999998730243));
#2196=CARTESIAN_POINT('Ctrl Pts',(30.7384199550368,-25.0807495601148,-63.9999999058385));
#2197=CARTESIAN_POINT('Ctrl Pts',(30.7406901452547,-25.077138805745,-63.9999999063141));
#2198=CARTESIAN_POINT('Ctrl Pts',(30.7429589812958,-25.0735274229497,-63.999999906783));
#2199=CARTESIAN_POINT('Ctrl Pts',(30.7452264617116,-25.0699154137382,-63.9999999072451));
#2200=CARTESIAN_POINT('Ctrl Pts',(30.9456025858111,-24.7507239442313,-63.9999999480873));
#2201=CARTESIAN_POINT('Ctrl Pts',(31.1353968198757,-24.4266411309438,-63.9999999468501));
#2202=CARTESIAN_POINT('Ctrl Pts',(31.3146475931385,-24.0973472524696,-63.9999999262856));
#2203=CARTESIAN_POINT('Ctrl Pts',(31.4565127268774,-23.836732922842,-63.9999999100102));
#2204=CARTESIAN_POINT('Ctrl Pts',(31.5917726998735,-23.5728544485622,-63.9999998772571));
#2205=CARTESIAN_POINT('Ctrl Pts',(31.7204235882209,-23.3055509132973,-63.9999998157565));
#2206=CARTESIAN_POINT('Ctrl Pts',(31.885259185016,-22.9630648385656,-63.9999997369581));
#2207=CARTESIAN_POINT('Ctrl Pts',(32.0392467288852,-22.6149559153384,-63.9999996070775));
#2208=CARTESIAN_POINT('Ctrl Pts',(32.1821821253778,-22.2618989482954,-63.999999424395));
#2209=CARTESIAN_POINT('Ctrl Pts',(32.3248777574197,-21.9094342104124,-63.9999992420189));
#2210=CARTESIAN_POINT('Ctrl Pts',(32.4565582283155,-21.5520374013392,-63.9999990064771));
#2211=CARTESIAN_POINT('Ctrl Pts',(32.5769688913667,-21.1903839974678,-63.9999987759374));
#2212=CARTESIAN_POINT('Ctrl Pts',(32.6544640372905,-20.9576273412328,-63.9999986275643));
#2213=CARTESIAN_POINT('Ctrl Pts',(32.727290091834,-20.7231076853644,-63.9999984828438));
#2214=CARTESIAN_POINT('Ctrl Pts',(32.7953680176284,-20.4870076288859,-63.9999983671066));
#2215=CARTESIAN_POINT('Ctrl Pts',(32.9124132563575,-20.0810847522411,-63.9999981681217));
#2216=CARTESIAN_POINT('Ctrl Pts',(33.0149861638828,-19.6710455020716,-63.9999982824343));
#2217=CARTESIAN_POINT('Ctrl Pts',(33.1029975793878,-19.2581953012216,-63.999998536918));
#2218=CARTESIAN_POINT('Ctrl Pts',(33.1918203494803,-18.8415391406278,-63.9999987937477));
#2219=CARTESIAN_POINT('Ctrl Pts',(33.2658124947966,-18.42201978534,-63.9999991645271));
#2220=CARTESIAN_POINT('Ctrl Pts',(33.3248976163617,-18.0009230576952,-63.9999994363419));
#2221=CARTESIAN_POINT('Ctrl Pts',(33.3905008824707,-17.5333718375319,-63.9999997381428));
#2222=CARTESIAN_POINT('Ctrl Pts',(33.4377274811856,-17.0638760798419,-63.9999999080451));
#2223=CARTESIAN_POINT('Ctrl Pts',(33.4664809340492,-16.59412604045,-63.9999999639995));
#2224=CARTESIAN_POINT('Ctrl Pts',(33.4888110125717,-16.2293157578269,-64.0000000074539));
#2225=CARTESIAN_POINT('Ctrl Pts',(33.5,-15.8643502239477,-64.));
#2226=CARTESIAN_POINT('Ctrl Pts',(33.5,-15.5000000000001,-64.));
#2227=CARTESIAN_POINT('Ctrl Pts',(33.5,-14.1112144247136,-64.));
#2228=CARTESIAN_POINT('Ctrl Pts',(33.5,-12.7226250044382,-64.));
#2229=CARTESIAN_POINT('Ctrl Pts',(33.5,-11.3340083006915,-64.));
#2230=CARTESIAN_POINT('Ctrl Pts',(33.5,-10.2176466124128,-64.));
#2231=CARTESIAN_POINT('Ctrl Pts',(33.5,-9.10126165739772,-64.));
#2232=CARTESIAN_POINT('Ctrl Pts',(33.5,-7.98475427992365,-64.));
#2233=CARTESIAN_POINT('Ctrl Pts',(33.5,-7.90496779866717,-64.));
#2234=CARTESIAN_POINT('Ctrl Pts',(33.5,-7.82518071766926,-64.));
#2235=CARTESIAN_POINT('Ctrl Pts',(33.5,-7.7453930140933,-64.));
#2236=CARTESIAN_POINT('Ctrl Pts',(33.5,-7.66880747768732,-64.));
#2237=CARTESIAN_POINT('Ctrl Pts',(33.5,-7.59221190575305,-64.));
#2238=CARTESIAN_POINT('Ctrl Pts',(33.5,-7.51560367644501,-64.));
#2239=CARTESIAN_POINT('Ctrl Pts',(33.5,-7.23283759396502,-64.));
#2240=CARTESIAN_POINT('Ctrl Pts',(33.5,-6.94990663233586,-64.));
#2241=CARTESIAN_POINT('Ctrl Pts',(33.5,-6.66676380490199,-64.));
#2242=CARTESIAN_POINT('Ctrl Pts',(33.5,-5.56354651380377,-64.));
#2243=CARTESIAN_POINT('Ctrl Pts',(33.5,-4.45710254812768,-64.));
#2244=CARTESIAN_POINT('Ctrl Pts',(33.5,-3.3482679005604,-64.));
#2245=CARTESIAN_POINT('Ctrl Pts',(33.5,-2.55859046205838,-64.));
#2246=CARTESIAN_POINT('Ctrl Pts',(33.5,-1.76770001329549,-64.));
#2247=CARTESIAN_POINT('Ctrl Pts',(33.5,-0.975899655253876,-64.));
#2248=CARTESIAN_POINT('Ctrl Pts',(33.5,-0.78774261026605,-64.));
#2249=CARTESIAN_POINT('Ctrl Pts',(33.5,-0.599534203284942,-64.));
#2250=CARTESIAN_POINT('Ctrl Pts',(33.5,-0.41127854673158,-64.));
#2251=CARTESIAN_POINT('Ctrl Pts',(33.5,-0.288191629226428,-64.));
#2252=CARTESIAN_POINT('Ctrl Pts',(33.5,-0.16508451335728,-64.));
#2253=CARTESIAN_POINT('Ctrl Pts',(33.5,-0.0419583542384799,-64.));
#2254=CARTESIAN_POINT('Ctrl Pts',(33.5,0.0551857104620486,-64.));
#2255=CARTESIAN_POINT('Ctrl Pts',(33.5,0.152342718530755,-64.));
#2256=CARTESIAN_POINT('Ctrl Pts',(33.5,0.249494228783301,-64.));
#2257=CARTESIAN_POINT('Ctrl Pts',(33.5,0.991478206760865,-64.));
#2258=CARTESIAN_POINT('Ctrl Pts',(33.5,1.73336909312365,-64.));
#2259=CARTESIAN_POINT('Ctrl Pts',(33.5,2.47443739296283,-64.));
#2260=CARTESIAN_POINT('Ctrl Pts',(33.5,3.57235560669881,-64.));
#2261=CARTESIAN_POINT('Ctrl Pts',(33.5,4.66847689557043,-64.));
#2262=CARTESIAN_POINT('Ctrl Pts',(33.5,5.76062373273933,-64.));
#2263=CARTESIAN_POINT('Ctrl Pts',(33.5,6.17017879667766,-64.));
#2264=CARTESIAN_POINT('Ctrl Pts',(33.5,6.57917518362273,-64.));
#2265=CARTESIAN_POINT('Ctrl Pts',(33.5,6.98749909879998,-64.));
#2266=CARTESIAN_POINT('Ctrl Pts',(33.5,7.16614081169002,-64.));
#2267=CARTESIAN_POINT('Ctrl Pts',(33.5,7.34465381830302,-64.));
#2268=CARTESIAN_POINT('Ctrl Pts',(33.5,7.52302863461014,-64.));
#2269=CARTESIAN_POINT('Ctrl Pts',(33.5,7.62472289660393,-64.));
#2270=CARTESIAN_POINT('Ctrl Pts',(33.5,7.72637224288773,-64.));
#2271=CARTESIAN_POINT('Ctrl Pts',(33.5,7.82797492042318,-64.));
#2272=CARTESIAN_POINT('Ctrl Pts',(33.5,7.89581564237553,-64.));
#2273=CARTESIAN_POINT('Ctrl Pts',(33.5,7.96364448401788,-64.));
#2274=CARTESIAN_POINT('Ctrl Pts',(33.5,8.03146308169618,-64.));
#2275=CARTESIAN_POINT('Ctrl Pts',(33.5,8.6572012529591,-64.));
#2276=CARTESIAN_POINT('Ctrl Pts',(33.5,9.28200695084372,-64.));
#2277=CARTESIAN_POINT('Ctrl Pts',(33.5,9.9054635314544,-64.));
#2278=CARTESIAN_POINT('Ctrl Pts',(33.5,10.1491293172123,-64.));
#2279=CARTESIAN_POINT('Ctrl Pts',(33.5,10.3925890351945,-64.));
#2280=CARTESIAN_POINT('Ctrl Pts',(33.5,10.6358178575457,-64.));
#2281=CARTESIAN_POINT('Ctrl Pts',(33.5,10.8168726918357,-64.));
#2282=CARTESIAN_POINT('Ctrl Pts',(33.5,10.9977989108227,-64.));
#2283=CARTESIAN_POINT('Ctrl Pts',(33.5,11.1785884033832,-64.));
#2284=CARTESIAN_POINT('Ctrl Pts',(33.5,12.6192060028233,-64.));
#2285=CARTESIAN_POINT('Ctrl Pts',(33.5,14.0514732892659,-64.));
#2286=CARTESIAN_POINT('Ctrl Pts',(33.5,15.5,-64.));
#2287=CARTESIAN_POINT('Ctrl Pts',(33.5,15.8596685869566,-64.));
#2288=CARTESIAN_POINT('Ctrl Pts',(33.4895219801897,16.2191174800199,-64.));
#2289=CARTESIAN_POINT('Ctrl Pts',(33.4683708217243,16.5779033708222,-64.));
#2290=CARTESIAN_POINT('Ctrl Pts',(33.4473857021875,16.9338727527795,-64.));
#2291=CARTESIAN_POINT('Ctrl Pts',(33.415894289162,17.2891893290594,-64.));
#2292=CARTESIAN_POINT('Ctrl Pts',(33.3737568037447,17.6434230579944,-64.));
#2293=CARTESIAN_POINT('Ctrl Pts',(33.3372135259275,17.9506284225417,-64.));
#2294=CARTESIAN_POINT('Ctrl Pts',(33.2926640361476,18.2570193515885,-64.));
#2295=CARTESIAN_POINT('Ctrl Pts',(33.2400490923088,18.5623186369665,-64.));
#2296=CARTESIAN_POINT('Ctrl Pts',(33.2137416203895,18.7149682796555,-64.));
#2297=CARTESIAN_POINT('Ctrl Pts',(33.1854182547305,18.867345068028,-64.));
#2298=CARTESIAN_POINT('Ctrl Pts',(33.1550744442499,19.0194147438638,-64.));
#2299=CARTESIAN_POINT('Ctrl Pts',(33.139653903569,19.0966956319731,-64.));
#2300=CARTESIAN_POINT('Ctrl Pts',(33.123711591284,19.1738972094802,-64.));
#2301=CARTESIAN_POINT('Ctrl Pts',(33.1072471013371,19.2510150105021,-64.));
#2302=CARTESIAN_POINT('Ctrl Pts',(33.094959752892,19.3085675551319,-64.));
#2303=CARTESIAN_POINT('Ctrl Pts',(33.0823815778534,19.3660734404856,-64.));
#2304=CARTESIAN_POINT('Ctrl Pts',(33.0695124545869,19.423530818327,-64.));
#2305=CARTESIAN_POINT('Ctrl Pts',(33.0656936098964,19.4405809932111,-64.));
#2306=CARTESIAN_POINT('Ctrl Pts',(33.0618490291485,19.4576274246319,-64.));
#2307=CARTESIAN_POINT('Ctrl Pts',(33.0579782462595,19.474672056627,-64.));
#2308=CARTESIAN_POINT('Ctrl Pts',(32.9714192334011,19.8558266091603,-64.));
#2309=CARTESIAN_POINT('Ctrl Pts',(32.8718166257511,20.2357968493014,-64.));
#2310=CARTESIAN_POINT('Ctrl Pts',(32.7596154798187,20.6130693394062,-64.));
#2311=CARTESIAN_POINT('Ctrl Pts',(32.6460670078102,20.9948721670539,-64.));
#2312=CARTESIAN_POINT('Ctrl Pts',(32.5196158036798,21.3739111809217,-64.));
#2313=CARTESIAN_POINT('Ctrl Pts',(32.3807768474557,21.7486191166254,-64.));
#2314=CARTESIAN_POINT('Ctrl Pts',(32.2418956022422,22.1234411847051,-64.));
#2315=CARTESIAN_POINT('Ctrl Pts',(32.0906193689648,22.493928634183,-64.));
#2316=CARTESIAN_POINT('Ctrl Pts',(31.9275130484205,22.8585275873611,-64.));
#2317=CARTESIAN_POINT('Ctrl Pts',(31.8622646790875,23.0043802255423,-64.));
#2318=CARTESIAN_POINT('Ctrl Pts',(31.7951236847508,23.1492907763319,-64.));
#2319=CARTESIAN_POINT('Ctrl Pts',(31.7261282703254,23.2931609251992,-64.));
#2320=CARTESIAN_POINT('Ctrl Pts',(31.5537268920604,23.6526545547755,-64.));
#2321=CARTESIAN_POINT('Ctrl Pts',(31.3697441077414,24.0056501948414,-64.));
#2322=CARTESIAN_POINT('Ctrl Pts',(31.1746034958967,24.3515346149552,-64.));
#2323=CARTESIAN_POINT('Ctrl Pts',(30.979975965446,24.6965096043832,-64.));
#2324=CARTESIAN_POINT('Ctrl Pts',(30.7742494173292,25.0344104397405,-64.));
#2325=CARTESIAN_POINT('Ctrl Pts',(30.5578848103511,25.3646607118839,-64.));
#2326=CARTESIAN_POINT('Ctrl Pts',(30.4598360353895,25.5143184357908,-64.));
#2327=CARTESIAN_POINT('Ctrl Pts',(30.3596031836146,25.6624055157998,-64.));
#2328=CARTESIAN_POINT('Ctrl Pts',(30.257231735402,25.8088707170372,-64.));
#2329=CARTESIAN_POINT('Ctrl Pts',(30.0634701601693,26.0860898890237,-64.));
#2330=CARTESIAN_POINT('Ctrl Pts',(29.8613869011425,26.358437080314,-64.0000000000317));
#2331=CARTESIAN_POINT('Ctrl Pts',(29.6512351385774,26.6253943074205,-63.9999999999683));
#2332=CARTESIAN_POINT('Ctrl Pts',(29.6283252657719,26.6544968761683,-63.9999999999614));
#2333=CARTESIAN_POINT('Ctrl Pts',(29.6053195457373,26.6835354162846,-63.9999999999527));
#2334=CARTESIAN_POINT('Ctrl Pts',(29.5822183374678,26.712509277726,-63.9999999999411));
#2335=CARTESIAN_POINT('Ctrl Pts',(29.371027811116,26.9773874164308,-63.9999999998352));
#2336=CARTESIAN_POINT('Ctrl Pts',(29.1518532237816,27.2368575199975,-63.9999999998526));
#2337=CARTESIAN_POINT('Ctrl Pts',(28.9253506401118,27.4902227036034,-63.9999999972395));
#2338=CARTESIAN_POINT('Ctrl Pts',(28.8268536787693,27.600401140824,-63.9999999961032));
#2339=CARTESIAN_POINT('Ctrl Pts',(28.7269715166958,27.7094255069369,-63.9999999944112));
#2340=CARTESIAN_POINT('Ctrl Pts',(28.6257604744573,27.8172404363623,-63.9999999915143));
#2341=CARTESIAN_POINT('',(28.75,-27.,-64.));
#2342=CARTESIAN_POINT('Origin',(26.,-27.,-64.));
#2343=CARTESIAN_POINT('',(26.5756570513276,-29.6890739966123,-63.9999999938112));
#2344=CARTESIAN_POINT('Origin',(26.,-27.,-64.));
#2345=CARTESIAN_POINT('Ctrl Pts',(-26.5757472047029,-29.6891894963417,-64.));
#2346=CARTESIAN_POINT('Ctrl Pts',(-26.2688610129916,-29.9286685584946,-64.));
#2347=CARTESIAN_POINT('Ctrl Pts',(-25.9537373291,-30.1585990403124,-63.9999999999285));
#2348=CARTESIAN_POINT('Ctrl Pts',(-25.6322513602613,-30.3777319167961,-63.9999999999363));
#2349=CARTESIAN_POINT('Ctrl Pts',(-25.4526592949857,-30.5001463599508,-63.9999999999406));
#2350=CARTESIAN_POINT('Ctrl Pts',(-25.2710823972422,-30.619191908701,-63.9999999999558));
#2351=CARTESIAN_POINT('Ctrl Pts',(-25.0878510698244,-30.734656987164,-63.9999999999689));
#2352=CARTESIAN_POINT('Ctrl Pts',(-24.7601325832357,-30.9411721137038,-63.9999999999922));
#2353=CARTESIAN_POINT('Ctrl Pts',(-24.4271200730165,-31.1362311349017,-63.9999999999998));
#2354=CARTESIAN_POINT('Ctrl Pts',(-24.0884119510852,-31.3200851021756,-64.));
#2355=CARTESIAN_POINT('Ctrl Pts',(-24.0432520222516,-31.3445983380275,-64.));
#2356=CARTESIAN_POINT('Ctrl Pts',(-23.9979908815377,-31.36891244859,-64.));
#2357=CARTESIAN_POINT('Ctrl Pts',(-23.9526276135991,-31.393028088627,-64.));
#2358=CARTESIAN_POINT('Ctrl Pts',(-23.7451840017152,-31.5033075217341,-64.));
#2359=CARTESIAN_POINT('Ctrl Pts',(-23.535439195367,-31.6095210270178,-64.));
#2360=CARTESIAN_POINT('Ctrl Pts',(-23.3232552818085,-31.7117314180135,-64.));
#2361=CARTESIAN_POINT('Ctrl Pts',(-22.7154287927854,-32.0045254477711,-64.));
#2362=CARTESIAN_POINT('Ctrl Pts',(-22.0875822588988,-32.2644709281379,-64.));
#2363=CARTESIAN_POINT('Ctrl Pts',(-21.4462926796145,-32.4888820646514,-64.));
#2364=CARTESIAN_POINT('Ctrl Pts',(-20.8089535641698,-32.7119107865606,-64.));
#2365=CARTESIAN_POINT('Ctrl Pts',(-20.1583367747543,-32.8998415195356,-64.));
#2366=CARTESIAN_POINT('Ctrl Pts',(-19.5009482416813,-33.0500264441695,-64.));
#2367=CARTESIAN_POINT('Ctrl Pts',(-19.3360893172173,-33.0876895975411,-64.));
#2368=CARTESIAN_POINT('Ctrl Pts',(-19.1708047605533,-33.1229788633146,-64.));
#2369=CARTESIAN_POINT('Ctrl Pts',(-19.0051491210111,-33.1558977799271,-64.));
#2370=CARTESIAN_POINT('Ctrl Pts',(-18.9464268242016,-33.1675670137504,-64.));
#2371=CARTESIAN_POINT('Ctrl Pts',(-18.8876578983917,-33.1789383922109,-64.));
#2372=CARTESIAN_POINT('Ctrl Pts',(-18.8288447764008,-33.1900120740921,-64.));
#2373=CARTESIAN_POINT('Ctrl Pts',(-18.7748403504625,-33.2001803462866,-64.));
#2374=CARTESIAN_POINT('Ctrl Pts',(-18.7208067187099,-33.2100960734626,-64.));
#2375=CARTESIAN_POINT('Ctrl Pts',(-18.6667526700923,-33.2197584404394,-64.));
#2376=CARTESIAN_POINT('Ctrl Pts',(-18.323300971873,-33.2811517390332,-64.));
#2377=CARTESIAN_POINT('Ctrl Pts',(-17.9789284488987,-33.3323391151456,-64.));
#2378=CARTESIAN_POINT('Ctrl Pts',(-17.6339050410541,-33.3734549902562,-64.));
#2379=CARTESIAN_POINT('Ctrl Pts',(-17.2792508375112,-33.4157185515358,-64.));
#2380=CARTESIAN_POINT('Ctrl Pts',(-16.9239084942649,-33.4473407024946,-64.));
#2381=CARTESIAN_POINT('Ctrl Pts',(-16.5681630807416,-33.4684110761206,-64.));
#2382=CARTESIAN_POINT('Ctrl Pts',(-16.2124176672184,-33.4894814497466,-64.));
#2383=CARTESIAN_POINT('Ctrl Pts',(-15.8562687191545,-33.5,-64.));
#2384=CARTESIAN_POINT('Ctrl Pts',(-15.5,-33.5,-64.));
#2385=CARTESIAN_POINT('Ctrl Pts',(-14.2100772451226,-33.5,-64.));
#2386=CARTESIAN_POINT('Ctrl Pts',(-12.9177644854191,-33.5,-64.));
#2387=CARTESIAN_POINT('Ctrl Pts',(-11.6253781737025,-33.5,-64.));
#2388=CARTESIAN_POINT('Ctrl Pts',(-11.0599591623265,-33.5,-64.));
#2389=CARTESIAN_POINT('Ctrl Pts',(-10.4945262188657,-33.5,-64.));
#2390=CARTESIAN_POINT('Ctrl Pts',(-9.92927370139426,-33.5,-64.));
#2391=CARTESIAN_POINT('Ctrl Pts',(-9.66431158382954,-33.5,-64.));
#2392=CARTESIAN_POINT('Ctrl Pts',(-9.39938911134345,-33.5,-64.));
#2393=CARTESIAN_POINT('Ctrl Pts',(-9.1345262991117,-33.5,-64.));
#2394=CARTESIAN_POINT('Ctrl Pts',(-8.98722406685919,-33.5,-64.));
#2395=CARTESIAN_POINT('Ctrl Pts',(-8.83994028729198,-33.5,-64.));
#2396=CARTESIAN_POINT('Ctrl Pts',(-8.69267840224094,-33.5,-64.));
#2397=CARTESIAN_POINT('Ctrl Pts',(-8.58531917671848,-33.5,-64.));
#2398=CARTESIAN_POINT('Ctrl Pts',(-8.47797225282446,-33.5,-64.));
#2399=CARTESIAN_POINT('Ctrl Pts',(-8.37062187624619,-33.5,-64.));
#2400=CARTESIAN_POINT('Ctrl Pts',(-6.38231650260186,-33.5,-64.));
#2401=CARTESIAN_POINT('Ctrl Pts',(-4.39412772385421,-33.5,-64.));
#2402=CARTESIAN_POINT('Ctrl Pts',(-2.4059383309405,-33.5,-64.));
#2403=CARTESIAN_POINT('Ctrl Pts',(-2.21191907306434,-33.5,-64.));
#2404=CARTESIAN_POINT('Ctrl Pts',(-2.01790039264878,-33.5,-64.));
#2405=CARTESIAN_POINT('Ctrl Pts',(-1.82387928942838,-33.5,-64.));
#2406=CARTESIAN_POINT('Ctrl Pts',(-1.67356987298337,-33.5,-64.));
#2407=CARTESIAN_POINT('Ctrl Pts',(-1.52325813373964,-33.5,-64.));
#2408=CARTESIAN_POINT('Ctrl Pts',(-1.37295885759927,-33.5,-64.));
#2409=CARTESIAN_POINT('Ctrl Pts',(0.0320199493321522,-33.5,-64.));
#2410=CARTESIAN_POINT('Ctrl Pts',(1.43624408133214,-33.5,-64.));
#2411=CARTESIAN_POINT('Ctrl Pts',(2.84071708119717,-33.5,-64.));
#2412=CARTESIAN_POINT('Ctrl Pts',(3.89407183109593,-33.5,-64.));
#2413=CARTESIAN_POINT('Ctrl Pts',(4.9475665230995,-33.5,-64.));
#2414=CARTESIAN_POINT('Ctrl Pts',(6.00162456370674,-33.5,-64.));
#2415=CARTESIAN_POINT('Ctrl Pts',(6.30305060747411,-33.5,-64.));
#2416=CARTESIAN_POINT('Ctrl Pts',(6.60452559425611,-33.5,-64.));
#2417=CARTESIAN_POINT('Ctrl Pts',(6.90604959083173,-33.5,-64.));
#2418=CARTESIAN_POINT('Ctrl Pts',(7.62146902084346,-33.5,-64.));
#2419=CARTESIAN_POINT('Ctrl Pts',(8.33712651443106,-33.5,-64.));
#2420=CARTESIAN_POINT('Ctrl Pts',(9.05254260343917,-33.5,-64.));
#2421=CARTESIAN_POINT('Ctrl Pts',(9.41658169525123,-33.5,-64.));
#2422=CARTESIAN_POINT('Ctrl Pts',(9.78055827418142,-33.5,-64.));
#2423=CARTESIAN_POINT('Ctrl Pts',(10.1444091136196,-33.5,-64.));
#2424=CARTESIAN_POINT('Ctrl Pts',(10.3670700582271,-33.5,-64.));
#2425=CARTESIAN_POINT('Ctrl Pts',(10.5896882053259,-33.5,-64.));
#2426=CARTESIAN_POINT('Ctrl Pts',(10.8122469191339,-33.5,-64.));
#2427=CARTESIAN_POINT('Ctrl Pts',(10.9583459965766,-33.5,-64.));
#2428=CARTESIAN_POINT('Ctrl Pts',(11.1044161113783,-33.5,-64.));
#2429=CARTESIAN_POINT('Ctrl Pts',(11.2504631019138,-33.5,-64.));
#2430=CARTESIAN_POINT('Ctrl Pts',(12.4487520702743,-33.5,-64.));
#2431=CARTESIAN_POINT('Ctrl Pts',(13.6457565437695,-33.5,-64.));
#2432=CARTESIAN_POINT('Ctrl Pts',(14.8543042685849,-33.5,-64.));
#2433=CARTESIAN_POINT('Ctrl Pts',(15.0691475807922,-33.5,-64.));
#2434=CARTESIAN_POINT('Ctrl Pts',(15.2843555526602,-33.5,-64.));
#2435=CARTESIAN_POINT('Ctrl Pts',(15.5,-33.5,-64.));
#2436=CARTESIAN_POINT('Ctrl Pts',(16.2250968903049,-33.5,-64.));
#2437=CARTESIAN_POINT('Ctrl Pts',(16.9513336358937,-33.4551720172824,-64.));
#2438=CARTESIAN_POINT('Ctrl Pts',(17.6710280861276,-33.3674727958449,-64.));
#2439=CARTESIAN_POINT('Ctrl Pts',(18.2945635385472,-33.2914911432169,-64.));
#2440=CARTESIAN_POINT('Ctrl Pts',(18.913187419755,-33.1833300747414,-64.));
#2441=CARTESIAN_POINT('Ctrl Pts',(19.5219116346836,-33.0442927676654,-64.));
#2442=CARTESIAN_POINT('Ctrl Pts',(20.2207034353173,-32.8846833291314,-64.));
#2443=CARTESIAN_POINT('Ctrl Pts',(20.9064491775258,-32.6843836672938,-64.));
#2444=CARTESIAN_POINT('Ctrl Pts',(21.5775771220487,-32.4437677981764,-64.));
#2445=CARTESIAN_POINT('Ctrl Pts',(21.6656960412884,-32.4121749990513,-64.));
#2446=CARTESIAN_POINT('Ctrl Pts',(21.7535629857214,-32.3798872308876,-64.));
#2447=CARTESIAN_POINT('Ctrl Pts',(21.8411744260881,-32.3469054009176,-64.));
#2448=CARTESIAN_POINT('Ctrl Pts',(22.2448348608697,-32.194945111601,-64.));
#2449=CARTESIAN_POINT('Ctrl Pts',(22.6435401461394,-32.0282053047482,-64.000000001036));
#2450=CARTESIAN_POINT('Ctrl Pts',(23.0367754469951,-31.8466660420025,-63.9999999925789));
#2451=CARTESIAN_POINT('Ctrl Pts',(23.1283319469919,-31.8043984747906,-63.9999999906098));
#2452=CARTESIAN_POINT('Ctrl Pts',(23.2195918822552,-31.7613288585492,-63.9999999881299));
#2453=CARTESIAN_POINT('Ctrl Pts',(23.3105486861401,-31.7174573451698,-63.9999999850985));
#2454=CARTESIAN_POINT('Ctrl Pts',(23.6948726686444,-31.5320850143455,-63.9999999722897));
#2455=CARTESIAN_POINT('Ctrl Pts',(24.0737852301668,-31.3323917790561,-63.9999999473623));
#2456=CARTESIAN_POINT('Ctrl Pts',(24.4455895949571,-31.1192921976759,-63.9999999251298));
#2457=CARTESIAN_POINT('Ctrl Pts',(24.8217311160794,-30.9037067761974,-63.999999902638));
#2458=CARTESIAN_POINT('Ctrl Pts',(25.1905967306193,-30.674400531329,-63.9999998864508));
#2459=CARTESIAN_POINT('Ctrl Pts',(25.5504303795477,-30.4323737879018,-63.9999998992062));
#2460=CARTESIAN_POINT('Ctrl Pts',(25.9012991113456,-30.1963769132893,-63.9999999116437));
#2461=CARTESIAN_POINT('Ctrl Pts',(26.2435794817762,-29.9482859279632,-63.9999999590045));
#2462=CARTESIAN_POINT('Ctrl Pts',(26.5756570513278,-29.6890739966124,-63.9999999871463));
#2463=CARTESIAN_POINT('',(-30.5,3.73517273739943E-15,-64.));
#2464=CARTESIAN_POINT('Origin',(0.,0.,-64.));
#2465=CARTESIAN_POINT('Origin',(0.,0.,-64.));
#2466=CARTESIAN_POINT('',(-30.5,-3.73517273739943E-15,-64.));
#2467=CARTESIAN_POINT('Origin',(2.22044604925031E-15,-8.88178419700125E-15,
-58.));
#2468=CARTESIAN_POINT('',(-39.5,-9.43689570931383E-15,-58.));
#2469=CARTESIAN_POINT('Ctrl Pts',(-39.5,-8.88178419700125E-15,-58.));
#2470=CARTESIAN_POINT('Ctrl Pts',(-39.5,2.95123672085015,-58.));
#2471=CARTESIAN_POINT('Ctrl Pts',(-39.5,5.91910649843522,-58.));
#2472=CARTESIAN_POINT('Ctrl Pts',(-39.5,11.0760383269591,-58.));
#2473=CARTESIAN_POINT('Ctrl Pts',(-39.5,13.282463662411,-58.));
#2474=CARTESIAN_POINT('Ctrl Pts',(-39.5,17.2992020960104,-58.));
#2475=CARTESIAN_POINT('Ctrl Pts',(-39.0870332441534,20.9104598921212,-58.));
#2476=CARTESIAN_POINT('Ctrl Pts',(-37.6100912175604,25.1344273728771,-58.));
#2477=CARTESIAN_POINT('Ctrl Pts',(-35.8596186385893,28.3020967158594,-58.));
#2478=CARTESIAN_POINT('Ctrl Pts',(-32.7410776146699,32.6971393568397,-58.));
#2479=CARTESIAN_POINT('Ctrl Pts',(-26.2703858198151,37.8663896085148,-58.));
#2480=CARTESIAN_POINT('Ctrl Pts',(-19.0724421634998,39.5,-58.));
#2481=CARTESIAN_POINT('Ctrl Pts',(-11.0692585247101,39.5,-58.));
#2482=CARTESIAN_POINT('Ctrl Pts',(-3.34463236917092,39.5,-58.));
#2483=CARTESIAN_POINT('Ctrl Pts',(7.00151259604895,39.5,-58.));
#2484=CARTESIAN_POINT('Ctrl Pts',(12.9160912727556,39.5,-58.));
#2485=CARTESIAN_POINT('Ctrl Pts',(17.2900445431491,39.5,-58.));
#2486=CARTESIAN_POINT('Ctrl Pts',(20.844514986,39.1079268302363,-58.));
#2487=CARTESIAN_POINT('Ctrl Pts',(26.0063667389483,37.304453059086,-58.));
#2488=CARTESIAN_POINT('Ctrl Pts',(30.5821460956261,34.4287841822795,-58.));
#2489=CARTESIAN_POINT('Ctrl Pts',(34.4404726352067,30.5709493298952,-58.));
#2490=CARTESIAN_POINT('Ctrl Pts',(37.3135470289085,25.9873629131734,-58.));
#2491=CARTESIAN_POINT('Ctrl Pts',(39.1143654117621,20.8248864190046,-58.));
#2492=CARTESIAN_POINT('Ctrl Pts',(39.5,17.2819407155514,-58.));
#2493=CARTESIAN_POINT('Ctrl Pts',(39.5,14.0305252314566,-58.));
#2494=CARTESIAN_POINT('Ctrl Pts',(39.5,9.67466517052558,-58.));
#2495=CARTESIAN_POINT('Ctrl Pts',(39.5,2.26739934957015,-58.));
#2496=CARTESIAN_POINT('Ctrl Pts',(39.5,-4.77161395196589,-58.));
#2497=CARTESIAN_POINT('Ctrl Pts',(39.5,-10.6727772810249,-58.));
#2498=CARTESIAN_POINT('Ctrl Pts',(39.5,-13.6131079863586,-58.));
#2499=CARTESIAN_POINT('Ctrl Pts',(39.5,-19.0679956203704,-58.));
#2500=CARTESIAN_POINT('Ctrl Pts',(38.4710616668988,-23.5785539492564,-58.));
#2501=CARTESIAN_POINT('Ctrl Pts',(35.8709281955983,-28.2818552341324,-58.));
#2502=CARTESIAN_POINT('Ctrl Pts',(33.7764918987858,-31.2357854518726,-58.));
#2503=CARTESIAN_POINT('Ctrl Pts',(30.6093394137625,-34.4067006388846,-58.));
#2504=CARTESIAN_POINT('Ctrl Pts',(25.9876095690467,-37.3115816330939,-58.));
#2505=CARTESIAN_POINT('Ctrl Pts',(20.9231735693806,-39.0836458594942,-58.));
#2506=CARTESIAN_POINT('Ctrl Pts',(17.3043840103939,-39.5,-58.));
#2507=CARTESIAN_POINT('Ctrl Pts',(14.0075471228196,-39.5,-58.));
#2508=CARTESIAN_POINT('Ctrl Pts',(11.0661576120857,-39.5,-58.));
#2509=CARTESIAN_POINT('Ctrl Pts',(5.1570821973606,-39.5,-58.));
#2510=CARTESIAN_POINT('Ctrl Pts',(-3.68656077606417,-39.5,-58.));
#2511=CARTESIAN_POINT('Ctrl Pts',(-11.077407697563,-39.5,-58.));
#2512=CARTESIAN_POINT('Ctrl Pts',(-17.2876452324386,-39.5,-58.));
#2513=CARTESIAN_POINT('Ctrl Pts',(-20.8687994533065,-39.1025825200376,-58.));
#2514=CARTESIAN_POINT('Ctrl Pts',(-25.1742332407342,-37.59307436436,-58.));
#2515=CARTESIAN_POINT('Ctrl Pts',(-28.3056414032506,-35.8588753121985,-58.));
#2516=CARTESIAN_POINT('Ctrl Pts',(-32.0013673824081,-33.2309195307618,-58.));
#2517=CARTESIAN_POINT('Ctrl Pts',(-35.0192837822205,-29.8404216659055,-58.));
#2518=CARTESIAN_POINT('Ctrl Pts',(-37.6375175658068,-25.0771809196855,-58.));
#2519=CARTESIAN_POINT('Ctrl Pts',(-39.1085334398165,-20.8112541222556,-58.));
#2520=CARTESIAN_POINT('Ctrl Pts',(-39.5,-17.2788749650244,-58.));
#2521=CARTESIAN_POINT('Ctrl Pts',(-39.5,-15.3981386697897,-58.));
#2522=CARTESIAN_POINT('Ctrl Pts',(-39.5,-13.210907497267,-58.));
#2523=CARTESIAN_POINT('Ctrl Pts',(-39.5,-8.0893513539356,-58.));
#2524=CARTESIAN_POINT('Ctrl Pts',(-39.5,-2.93273169836856,-58.));
#2525=CARTESIAN_POINT('Ctrl Pts',(-39.5,-7.7715611723761E-15,-58.));
#2526=CARTESIAN_POINT('',(-38.1,-1.53712168441651E-14,-58.));
#2527=CARTESIAN_POINT('Ctrl Pts',(-38.1,-1.53712168441651E-14,-58.));
#2528=CARTESIAN_POINT('Ctrl Pts',(-38.1,-3.87101445953812,-58.));
#2529=CARTESIAN_POINT('Ctrl Pts',(-38.1,-7.8453759900327,-58.));
#2530=CARTESIAN_POINT('Ctrl Pts',(-38.1,-12.9875427440179,-58.));
#2531=CARTESIAN_POINT('Ctrl Pts',(-38.1,-14.2459791959331,-58.));
#2532=CARTESIAN_POINT('Ctrl Pts',(-38.1,-15.5,-58.));
#2533=CARTESIAN_POINT('Ctrl Pts',(-38.1,-17.2450144413262,-58.));
#2534=CARTESIAN_POINT('Ctrl Pts',(-37.898642748779,-18.9795027016469,-58.));
#2535=CARTESIAN_POINT('Ctrl Pts',(-37.4987341486827,-20.67838737983,-58.));
#2536=CARTESIAN_POINT('Ctrl Pts',(-37.0988635359478,-22.3771106807728,-58.));
#2537=CARTESIAN_POINT('Ctrl Pts',(-36.4959075188963,-24.0480667044453,-58.));
#2538=CARTESIAN_POINT('Ctrl Pts',(-35.701836494844,-25.6314264659815,-58.));
#2539=CARTESIAN_POINT('Ctrl Pts',(-34.9309263586635,-27.1686039380412,-58.));
#2540=CARTESIAN_POINT('Ctrl Pts',(-33.980869183834,-28.6194596895822,-58.));
#2541=CARTESIAN_POINT('Ctrl Pts',(-32.8929852343041,-29.9306640401362,-58.));
#2542=CARTESIAN_POINT('Ctrl Pts',(-32.4315426336539,-30.4868314013377,-58.));
#2543=CARTESIAN_POINT('Ctrl Pts',(-31.9412286044887,-31.0233912023709,-58.));
#2544=CARTESIAN_POINT('Ctrl Pts',(-31.4248156005301,-31.5362167635983,-58.));
#2545=CARTESIAN_POINT('Ctrl Pts',(-30.4048754449505,-32.5490715497753,-58.));
#2546=CARTESIAN_POINT('Ctrl Pts',(-29.2821810841,-33.4688283709137,-58.));
#2547=CARTESIAN_POINT('Ctrl Pts',(-28.0880524862341,-34.2696812600485,-58.));
#2548=CARTESIAN_POINT('Ctrl Pts',(-26.893735077551,-35.0706607768252,-58.));
#2549=CARTESIAN_POINT('Ctrl Pts',(-25.6355986188918,-35.7507948038379,-58.));
#2550=CARTESIAN_POINT('Ctrl Pts',(-24.312316530309,-36.3111286904301,-58.));
#2551=CARTESIAN_POINT('Ctrl Pts',(-22.9210831228559,-36.9002360539175,-58.));
#2552=CARTESIAN_POINT('Ctrl Pts',(-21.4621182300571,-37.3517402411026,-58.));
#2553=CARTESIAN_POINT('Ctrl Pts',(-19.9803674978843,-37.6514402936672,-58.));
#2554=CARTESIAN_POINT('Ctrl Pts',(-18.498450120029,-37.9511740521168,-58.));
#2555=CARTESIAN_POINT('Ctrl Pts',(-16.9997411164059,-38.1,-58.));
#2556=CARTESIAN_POINT('Ctrl Pts',(-15.5,-38.1,-58.));
#2557=CARTESIAN_POINT('Ctrl Pts',(-9.00798441873315,-38.1,-58.));
#2558=CARTESIAN_POINT('Ctrl Pts',(-2.50282032562079,-38.1,-58.));
#2559=CARTESIAN_POINT('Ctrl Pts',(7.82752519210301,-38.1,-58.));
#2560=CARTESIAN_POINT('Ctrl Pts',(11.6252380789775,-38.1,-58.));
#2561=CARTESIAN_POINT('Ctrl Pts',(15.5,-38.1,-58.));
#2562=CARTESIAN_POINT('Ctrl Pts',(17.4158595402306,-38.1,-58.));
#2563=CARTESIAN_POINT('Ctrl Pts',(19.3392450756753,-37.8524104091887,-58.));
#2564=CARTESIAN_POINT('Ctrl Pts',(21.1783097205778,-37.3750268278051,-58.));
#2565=CARTESIAN_POINT('Ctrl Pts',(23.0177287065283,-36.89755126673,-58.));
#2566=CARTESIAN_POINT('Ctrl Pts',(24.7875546339246,-36.1919045982992,-58.));
#2567=CARTESIAN_POINT('Ctrl Pts',(26.4592159983862,-35.2650090994342,-58.));
#2568=CARTESIAN_POINT('Ctrl Pts',(28.0641838589812,-34.3750935235678,-58.));
#2569=CARTESIAN_POINT('Ctrl Pts',(29.563856747767,-33.2841488216891,-58.));
#2570=CARTESIAN_POINT('Ctrl Pts',(30.8953729781115,-32.0451651809475,-58.));
#2571=CARTESIAN_POINT('Ctrl Pts',(31.5122604996503,-31.4711477338101,-58.));
#2572=CARTESIAN_POINT('Ctrl Pts',(32.1002968349865,-30.8594063468604,-58.));
#2573=CARTESIAN_POINT('Ctrl Pts',(32.6532397951751,-30.214834845462,-58.));
#2574=CARTESIAN_POINT('Ctrl Pts',(34.012969445354,-28.6297835016257,-58.));
#2575=CARTESIAN_POINT('Ctrl Pts',(35.1566012994707,-26.8433544999584,-58.));
#2576=CARTESIAN_POINT('Ctrl Pts',(36.0241001525091,-24.9615703205005,-58.));
#2577=CARTESIAN_POINT('Ctrl Pts',(36.7013354824607,-23.492507018331,-58.));
#2578=CARTESIAN_POINT('Ctrl Pts',(37.2262721901635,-21.9339625654126,-58.));
#2579=CARTESIAN_POINT('Ctrl Pts',(37.5759137582945,-20.3388047838638,-58.));
#2580=CARTESIAN_POINT('Ctrl Pts',(37.9255779840056,-18.7435436324116,-58.));
#2581=CARTESIAN_POINT('Ctrl Pts',(38.1,-17.117922314113,-58.));
#2582=CARTESIAN_POINT('Ctrl Pts',(38.1,-15.5,-58.));
#2583=CARTESIAN_POINT('Ctrl Pts',(38.1,-9.98813326592539,-58.));
#2584=CARTESIAN_POINT('Ctrl Pts',(38.1,-4.46423361651104,-58.));
#2585=CARTESIAN_POINT('Ctrl Pts',(38.1,4.81777626503205,-58.));
#2586=CARTESIAN_POINT('Ctrl Pts',(38.1,8.50787191638881,-58.));
#2587=CARTESIAN_POINT('Ctrl Pts',(38.1,13.2805751733436,-58.));
#2588=CARTESIAN_POINT('Ctrl Pts',(38.1,14.3882609008002,-58.));
#2589=CARTESIAN_POINT('Ctrl Pts',(38.1,15.5,-58.));
#2590=CARTESIAN_POINT('Ctrl Pts',(38.1,17.1596519781785,-58.));
#2591=CARTESIAN_POINT('Ctrl Pts',(37.9175070715787,18.8147752315822,-58.));
#2592=CARTESIAN_POINT('Ctrl Pts',(37.5535883669149,20.4395586991831,-58.));
#2593=CARTESIAN_POINT('Ctrl Pts',(36.936918493056,23.1927972746477,-58.));
#2594=CARTESIAN_POINT('Ctrl Pts',(35.7742020821926,25.8776366033417,-58.));
#2595=CARTESIAN_POINT('Ctrl Pts',(34.1852773554796,28.2130016183748,-58.));
#2596=CARTESIAN_POINT('Ctrl Pts',(33.3663533244136,29.4166373224259,-58.));
#2597=CARTESIAN_POINT('Ctrl Pts',(32.4259568169613,30.5475015235267,-58.));
#2598=CARTESIAN_POINT('Ctrl Pts',(31.3814518590446,31.5791631265078,-58.));
#2599=CARTESIAN_POINT('Ctrl Pts',(30.3369869184534,32.6107852042211,-58.));
#2600=CARTESIAN_POINT('Ctrl Pts',(29.1904299501066,33.5402791798853,-58.));
#2601=CARTESIAN_POINT('Ctrl Pts',(27.9765212093121,34.344002189386,-58.));
#2602=CARTESIAN_POINT('Ctrl Pts',(26.145055132733,35.5566068748941,-58.));
#2603=CARTESIAN_POINT('Ctrl Pts',(24.1140489969842,36.5106089994158,-58.));
#2604=CARTESIAN_POINT('Ctrl Pts',(21.9965836162307,37.146117465202,-58.));
#2605=CARTESIAN_POINT('Ctrl Pts',(19.8787290954782,37.7817427223965,-58.));
#2606=CARTESIAN_POINT('Ctrl Pts',(17.6971188705431,38.1,-58.));
#2607=CARTESIAN_POINT('Ctrl Pts',(15.5,38.1,-58.));
#2608=CARTESIAN_POINT('Ctrl Pts',(6.41299677518089,38.1,-58.));
#2609=CARTESIAN_POINT('Ctrl Pts',(-2.66784767574481,38.1,-58.));
#2610=CARTESIAN_POINT('Ctrl Pts',(-12.9930419066856,38.1,-58.));
#2611=CARTESIAN_POINT('Ctrl Pts',(-14.2460166784111,38.1,-58.));
#2612=CARTESIAN_POINT('Ctrl Pts',(-15.5,38.1,-58.));
#2613=CARTESIAN_POINT('Ctrl Pts',(-16.6474971901831,38.1,-58.));
#2614=CARTESIAN_POINT('Ctrl Pts',(-17.7920642378266,38.0130446378072,-58.));
#2615=CARTESIAN_POINT('Ctrl Pts',(-18.9322592197597,37.8378512092899,-58.));
#2616=CARTESIAN_POINT('Ctrl Pts',(-21.2167293316742,37.4868374286706,-58.));
#2617=CARTESIAN_POINT('Ctrl Pts',(-23.4662353129855,36.7737922041409,-58.));
#2618=CARTESIAN_POINT('Ctrl Pts',(-25.5246890228494,35.7550144407542,-58.));
#2619=CARTESIAN_POINT('Ctrl Pts',(-28.1365039491425,34.4623650329788,-58.));
#2620=CARTESIAN_POINT('Ctrl Pts',(-30.5384510916929,32.6200907843209,-58.));
#2621=CARTESIAN_POINT('Ctrl Pts',(-34.3894783484675,28.2452001719631,-58.));
#2622=CARTESIAN_POINT('Ctrl Pts',(-35.9121717106713,25.6289567949864,-58.));
#2623=CARTESIAN_POINT('Ctrl Pts',(-36.8630577956488,22.8742634628666,-58.));
#2624=CARTESIAN_POINT('Ctrl Pts',(-37.6749287628379,20.5222934685742,-58.));
#2625=CARTESIAN_POINT('Ctrl Pts',(-38.1,18.0087824445338,-58.));
#2626=CARTESIAN_POINT('Ctrl Pts',(-38.1,15.5,-58.));
#2627=CARTESIAN_POINT('Ctrl Pts',(-38.1,10.8180739420487,-58.));
#2628=CARTESIAN_POINT('Ctrl Pts',(-38.1,6.20490491095491,-58.));
#2629=CARTESIAN_POINT('Ctrl Pts',(-38.1,1.04231140729467,-58.));
#2630=CARTESIAN_POINT('Ctrl Pts',(-38.1,0.521217656426286,-58.));
#2631=CARTESIAN_POINT('Ctrl Pts',(-38.1,-1.53712168441651E-14,-58.));
#2632=CARTESIAN_POINT('Origin',(6.24,-19.94,-49.5000000000031));
#2633=CARTESIAN_POINT('',(9.16102320927448,-19.606498259555,-50.7000000000031));
#2634=CARTESIAN_POINT('',(6.24000000000001,-17.,-50.7000000000031));
#2635=CARTESIAN_POINT('Origin',(6.24000000000001,-19.94,-50.7000000000031));
#2636=CARTESIAN_POINT('',(6.24000000000002,-17.,-54.7699999999999));
#2637=CARTESIAN_POINT('',(6.24000000000001,-17.,-49.5000000000031));
#2638=CARTESIAN_POINT('',(9.1610232092745,-19.606498259555,-54.7699999999999));
#2639=CARTESIAN_POINT('Origin',(6.24000000000002,-19.94,-54.7699999999999));
#2640=CARTESIAN_POINT('',(9.16102320927448,-19.606498259555,-49.5000000000031));
#2641=CARTESIAN_POINT('Origin',(9.16102320927448,-19.606498259555,-49.5000000000031));
#2642=CARTESIAN_POINT('',(9.17999999999999,-33.3297234448324,-50.7000000000031));
#2643=CARTESIAN_POINT('',(9.16631086382045,-23.4303099401447,-50.7000000000031));
#2644=CARTESIAN_POINT('',(9.18000000000001,-33.3297234448324,-54.77));
#2645=CARTESIAN_POINT('',(9.16568064431796,-22.9745614274364,-54.7699999999999));
#2646=CARTESIAN_POINT('',(9.17999999999999,-33.3297234448324,-49.5000000000031));
#2647=CARTESIAN_POINT('Origin',(-9.40000000000005,-38.5,-49.5000000000031));
#2648=CARTESIAN_POINT('',(-9.40000000000003,-33.3297234355427,-50.7000000000031));
#2649=CARTESIAN_POINT('',(-9.40000000000005,-38.1,-50.7000000000031));
#2650=CARTESIAN_POINT('',(-9.40000000000003,-32.8777288298959,-50.7000000000031));
#2651=CARTESIAN_POINT('',(-9.40000000000003,-38.1,-51.77));
#2652=CARTESIAN_POINT('',(-9.40000000000005,-38.1,-50.7000000000031));
#2653=CARTESIAN_POINT('',(-9.40000000000002,-34.4999998883796,-51.77));
#2654=CARTESIAN_POINT('',(-9.40000000000004,-37.4999999720949,-51.77));
#2655=CARTESIAN_POINT('',(-9.40000000000002,-34.4999998883796,-54.77));
#2656=CARTESIAN_POINT('',(-9.40000000000003,-34.4999998883796,-52.1350000000016));
#2657=CARTESIAN_POINT('',(-9.40000000000001,-33.3297234355427,-54.77));
#2658=CARTESIAN_POINT('',(-9.40000000000001,-32.4277288298959,-54.77));
#2659=CARTESIAN_POINT('',(-9.40000000000003,-33.3297234355427,-49.5000000000031));
#2660=CARTESIAN_POINT('Origin',(-9.40000000000003,-33.3297234355427,-49.5000000000031));
#2661=CARTESIAN_POINT('',(-9.38102320927452,-19.6064982595552,-50.7000000000031));
#2662=CARTESIAN_POINT('',(-9.39579925918682,-30.2919225281381,-50.7000000000031));
#2663=CARTESIAN_POINT('',(-9.3810232092745,-19.6064982595552,-54.7699999999999));
#2664=CARTESIAN_POINT('',(-9.39516903968386,-29.8361740154259,-54.7699999999999));
#2665=CARTESIAN_POINT('',(-9.38102320927452,-19.6064982595552,-49.5000000000031));
#2666=CARTESIAN_POINT('Origin',(-6.46000000000002,-19.94,-49.5000000000031));
#2667=CARTESIAN_POINT('',(-6.46000000000002,-17.,-50.7000000000031));
#2668=CARTESIAN_POINT('Origin',(-6.46000000000001,-19.94,-50.7000000000031));
#2669=CARTESIAN_POINT('',(-6.46,-17.,-54.7699999999999));
#2670=CARTESIAN_POINT('Origin',(-6.46,-19.94,-54.77));
#2671=CARTESIAN_POINT('',(-6.46000000000002,-17.,-49.5000000000031));
#2672=CARTESIAN_POINT('Origin',(-5.46000000000002,-15.2,-49.5000000000031));
#2673=CARTESIAN_POINT('',(-5.46,-14.2,-54.7699999999999));
#2674=CARTESIAN_POINT('',(-6.46,-15.2,-54.7699999999999));
#2675=CARTESIAN_POINT('Origin',(-5.46,-15.2,-54.77));
#2676=CARTESIAN_POINT('',(-5.46000000000002,-14.2,-49.5000000000031));
#2677=CARTESIAN_POINT('',(-5.46000000000002,-14.2,-49.5000000000031));
#2678=CARTESIAN_POINT('',(-6.46000000000002,-15.2,-49.5000000000031));
#2679=CARTESIAN_POINT('Origin',(-5.46000000000002,-15.2,-49.5000000000031));
#2680=CARTESIAN_POINT('',(-6.46000000000002,-15.2,-49.5000000000031));
#2681=CARTESIAN_POINT('Origin',(-5.46000000000002,-14.2,-49.5000000000031));
#2682=CARTESIAN_POINT('',(5.24000000000002,-14.2,-54.7699999999999));
#2683=CARTESIAN_POINT('',(-2.78500000000002,-14.2,-54.7699999999999));
#2684=CARTESIAN_POINT('',(5.24,-14.2,-49.5000000000031));
#2685=CARTESIAN_POINT('',(5.24,-14.2,-49.5000000000031));
#2686=CARTESIAN_POINT('',(-2.73000000000001,-14.2,-49.5000000000031));
#2687=CARTESIAN_POINT('Origin',(5.24000000000001,-15.2,-49.5000000000031));
#2688=CARTESIAN_POINT('',(6.24000000000002,-15.2,-54.7699999999999));
#2689=CARTESIAN_POINT('Origin',(5.24000000000002,-15.2,-54.7699999999999));
#2690=CARTESIAN_POINT('',(6.24,-15.2,-49.5000000000031));
#2691=CARTESIAN_POINT('',(6.24,-15.2,-49.5000000000031));
#2692=CARTESIAN_POINT('Origin',(5.24000000000001,-15.2,-49.5000000000031));
#2693=CARTESIAN_POINT('Origin',(6.86999999999999,-36.4999993022569,-51.77));
#2694=CARTESIAN_POINT('',(-4.78000000000004,-38.1,-51.77));
#2695=CARTESIAN_POINT('',(-4.78000000000003,-34.4999998883797,-51.77));
#2696=CARTESIAN_POINT('',(-4.78000000000003,-31.757,-51.77));
#2697=CARTESIAN_POINT('',(-4.58000000000003,-34.4999998883797,-51.77));
#2698=CARTESIAN_POINT('',(-4.77999999975675,-38.1,-51.77));
#2699=CARTESIAN_POINT('Origin',(-4.78000000000003,-34.4999998883796,-54.77));
#2700=CARTESIAN_POINT('',(-4.58000000000003,-34.4999998883796,-54.77));
#2701=CARTESIAN_POINT('',(-2.44500000000004,-34.4999998883797,-54.77));
#2702=CARTESIAN_POINT('',(-4.78000000000003,-34.4999998883796,-52.77));
#2703=CARTESIAN_POINT('',(-4.78000000000003,-34.4999998883796,-54.77));
#2704=CARTESIAN_POINT('',(-3.58000000000003,-34.4999998521794,-53.97));
#2705=CARTESIAN_POINT('Origin',(-3.58000000000003,-34.4999998883797,-52.77));
#2706=CARTESIAN_POINT('',(-4.58000000000003,-34.4999998883796,-53.97));
#2707=CARTESIAN_POINT('',(2.12499992871347,-34.4999994104036,-53.97));
#2708=CARTESIAN_POINT('',(-4.58000000000003,-34.4999998883796,-54.77));
#2709=CARTESIAN_POINT('Origin',(9.17999999999999,-33.3297234448324,-49.5000000000031));
#2710=CARTESIAN_POINT('',(9.18,-38.1,-50.7000000000031));
#2711=CARTESIAN_POINT('',(9.17999999999999,-30.2925905523121,-50.7000000000031));
#2712=CARTESIAN_POINT('',(9.18000000000001,-34.4999992510783,-54.77));
#2713=CARTESIAN_POINT('',(9.18000000000001,-29.8425905523121,-54.7699999999999));
#2714=CARTESIAN_POINT('',(9.18000000000001,-34.4999992510783,-51.77));
#2715=CARTESIAN_POINT('',(9.18,-34.4999992510783,-52.1350000000015));
#2716=CARTESIAN_POINT('',(9.18,-38.1,-51.77));
#2717=CARTESIAN_POINT('',(9.18,-34.9148613735447,-51.77));
#2718=CARTESIAN_POINT('',(9.18000000000002,-38.1,-51.77));
#2719=CARTESIAN_POINT('Origin',(6.86999999999999,-36.4999993022569,-51.77));
#2720=CARTESIAN_POINT('',(4.55999999999998,-34.4999992510783,-51.77));
#2721=CARTESIAN_POINT('',(4.35999999999998,-34.4999992510783,-51.77));
#2722=CARTESIAN_POINT('',(4.55999999999998,-38.1,-51.77));
#2723=CARTESIAN_POINT('',(4.55999999999998,-39.057,-51.77));
#2724=CARTESIAN_POINT('',(9.17999999999995,-38.1,-51.77));
#2725=CARTESIAN_POINT('Origin',(9.18000000000001,-34.4999992510783,-54.77));
#2726=CARTESIAN_POINT('',(4.35999999999998,-34.4999992510783,-54.77));
#2727=CARTESIAN_POINT('',(2.22499999999998,-34.4999992510783,-54.77));
#2728=CARTESIAN_POINT('',(4.35999999999998,-34.4999992510783,-53.97));
#2729=CARTESIAN_POINT('',(4.35999999999998,-34.4999992510783,-54.77));
#2730=CARTESIAN_POINT('',(4.55999999999998,-34.4999992510783,-53.97));
#2731=CARTESIAN_POINT('',(2.22499999999998,-34.4999992510783,-53.97));
#2732=CARTESIAN_POINT('',(4.55999999999998,-34.4999992448407,-52.77));
#2733=CARTESIAN_POINT('',(4.55999999999998,-34.4999992510783,-54.77));
#2734=CARTESIAN_POINT('',(4.55999999999998,-34.4999992510783,-54.77));
#2735=CARTESIAN_POINT('Origin',(-0.110000000000026,-26.3554576597919,-54.7699999999999));
#2736=CARTESIAN_POINT('',(2.12500029029793,-34.4999994104036,-54.77));
#2737=CARTESIAN_POINT('',(6.24000000000002,-20.7777288298959,-54.7699999999999));
#2738=CARTESIAN_POINT('',(-6.46000000000001,-21.6777288298959,-54.7699999999999));
#2739=CARTESIAN_POINT('Origin',(4.35999999999998,-34.4999992510783,-54.77));
#2740=CARTESIAN_POINT('',(3.35999999999998,-34.4999993223648,-53.97));
#2741=CARTESIAN_POINT('',(2.12499992871347,-34.4999994104036,-53.97));
#2742=CARTESIAN_POINT('Origin',(3.35999999999998,-34.4999993223648,-52.77));
#2743=CARTESIAN_POINT('Origin',(4.55999999999998,-34.4999992510783,-54.77));
#2744=CARTESIAN_POINT('',(4.55999999999998,-38.1,-52.77));
#2745=CARTESIAN_POINT('',(4.55999999999998,-38.1,-51.77));
#2746=CARTESIAN_POINT('',(4.55999999999998,-35.4999993848143,-52.77));
#2747=CARTESIAN_POINT('Origin',(3.35999999999998,-35.4999993848143,-52.77));
#2748=CARTESIAN_POINT('',(3.35999999999998,-38.1,-53.97));
#2749=CARTESIAN_POINT('Origin',(3.35999999999998,-38.1,-52.77));
#2750=CARTESIAN_POINT('',(3.35999999999998,-35.4999993848143,-53.97));
#2751=CARTESIAN_POINT('Origin',(-0.110000000000027,-36.4999995185503,-53.97));
#2752=CARTESIAN_POINT('',(-3.58000000000004,-38.1,-53.97));
#2753=CARTESIAN_POINT('',(-3.58000000000004,-38.1,-53.97));
#2754=CARTESIAN_POINT('',(-3.58000000000003,-37.4999996522864,-53.97));
#2755=CARTESIAN_POINT('Origin',(-3.58000000000003,-37.4999996522864,-52.77));
#2756=CARTESIAN_POINT('',(-4.78000000000004,-38.1,-52.77));
#2757=CARTESIAN_POINT('Origin',(-3.58000000000002,-38.1,-52.77));
#2758=CARTESIAN_POINT('',(-4.78000000000003,-37.4999996522864,-52.77));
#2759=CARTESIAN_POINT('Origin',(-4.78000000000003,-38.4999997860224,-54.77));
#2760=CARTESIAN_POINT('',(-4.78000000000004,-38.1,-52.77));
#2761=CARTESIAN_POINT('Ctrl Pts',(-38.1,-1.53712168441651E-14,-58.));
#2762=CARTESIAN_POINT('Ctrl Pts',(-38.1,-1.53712168441651E-14,-47.8000000000036));
#2763=CARTESIAN_POINT('Ctrl Pts',(-38.1,-3.87101445953812,-58.));
#2764=CARTESIAN_POINT('Ctrl Pts',(-38.1,-3.87101445953812,-47.8000000000036));
#2765=CARTESIAN_POINT('Ctrl Pts',(-38.1,-7.8453759900327,-58.));
#2766=CARTESIAN_POINT('Ctrl Pts',(-38.1,-7.8453759900327,-47.8000000000036));
#2767=CARTESIAN_POINT('Ctrl Pts',(-38.1,-11.7238471620717,-58.));
#2768=CARTESIAN_POINT('Ctrl Pts',(-38.1,-11.7238471620717,-47.8000000000036));
#2769=CARTESIAN_POINT('Ctrl Pts',(-38.1,-12.9875427440179,-58.));
#2770=CARTESIAN_POINT('Ctrl Pts',(-38.1,-12.9875427440179,-47.8000000000036));
#2771=CARTESIAN_POINT('Ctrl Pts',(-38.1,-14.2459791959331,-58.));
#2772=CARTESIAN_POINT('Ctrl Pts',(-38.1,-14.2459791959331,-47.8000000000036));
#2773=CARTESIAN_POINT('Ctrl Pts',(-38.1,-15.5,-58.));
#2774=CARTESIAN_POINT('Ctrl Pts',(-38.1,-15.5,-47.8000000000036));
#2775=CARTESIAN_POINT('Ctrl Pts',(-38.1,-17.2450144413262,-58.));
#2776=CARTESIAN_POINT('Ctrl Pts',(-38.1,-17.2450144413262,-47.8000000000036));
#2777=CARTESIAN_POINT('Ctrl Pts',(-37.898642748779,-18.9795027016469,-58.));
#2778=CARTESIAN_POINT('Ctrl Pts',(-37.898642748779,-18.9795027016469,-47.8000000000036));
#2779=CARTESIAN_POINT('Ctrl Pts',(-37.4987341486827,-20.67838737983,-58.));
#2780=CARTESIAN_POINT('Ctrl Pts',(-37.4987341486827,-20.67838737983,-47.8000000000036));
#2781=CARTESIAN_POINT('Ctrl Pts',(-37.0988635359478,-22.3771106807728,-58.));
#2782=CARTESIAN_POINT('Ctrl Pts',(-37.0988635359478,-22.3771106807728,-47.8000000000036));
#2783=CARTESIAN_POINT('Ctrl Pts',(-36.4959075188963,-24.0480667044453,-58.));
#2784=CARTESIAN_POINT('Ctrl Pts',(-36.4959075188963,-24.0480667044453,-47.8000000000036));
#2785=CARTESIAN_POINT('Ctrl Pts',(-35.701836494844,-25.6314264659815,-58.));
#2786=CARTESIAN_POINT('Ctrl Pts',(-35.701836494844,-25.6314264659815,-47.8000000000036));
#2787=CARTESIAN_POINT('Ctrl Pts',(-34.9309263586635,-27.1686039380412,-58.));
#2788=CARTESIAN_POINT('Ctrl Pts',(-34.9309263586635,-27.1686039380412,-47.8000000000036));
#2789=CARTESIAN_POINT('Ctrl Pts',(-33.980869183834,-28.6194596895822,-58.));
#2790=CARTESIAN_POINT('Ctrl Pts',(-33.980869183834,-28.6194596895822,-47.8000000000036));
#2791=CARTESIAN_POINT('Ctrl Pts',(-32.8929852343041,-29.9306640401362,-58.));
#2792=CARTESIAN_POINT('Ctrl Pts',(-32.8929852343041,-29.9306640401362,-47.8000000000036));
#2793=CARTESIAN_POINT('Ctrl Pts',(-32.4315426336539,-30.4868314013377,-58.));
#2794=CARTESIAN_POINT('Ctrl Pts',(-32.4315426336539,-30.4868314013377,-47.8000000000036));
#2795=CARTESIAN_POINT('Ctrl Pts',(-31.9412286044887,-31.0233912023709,-58.));
#2796=CARTESIAN_POINT('Ctrl Pts',(-31.9412286044887,-31.0233912023709,-47.8000000000036));
#2797=CARTESIAN_POINT('Ctrl Pts',(-31.4248156005301,-31.5362167635983,-58.));
#2798=CARTESIAN_POINT('Ctrl Pts',(-31.4248156005301,-31.5362167635983,-47.8000000000036));
#2799=CARTESIAN_POINT('Ctrl Pts',(-30.4048754449505,-32.5490715497753,-58.));
#2800=CARTESIAN_POINT('Ctrl Pts',(-30.4048754449505,-32.5490715497753,-47.8000000000036));
#2801=CARTESIAN_POINT('Ctrl Pts',(-29.2821810841,-33.4688283709137,-58.));
#2802=CARTESIAN_POINT('Ctrl Pts',(-29.2821810841,-33.4688283709137,-47.8000000000036));
#2803=CARTESIAN_POINT('Ctrl Pts',(-28.0880524862341,-34.2696812600485,-58.));
#2804=CARTESIAN_POINT('Ctrl Pts',(-28.0880524862341,-34.2696812600485,-47.8000000000036));
#2805=CARTESIAN_POINT('Ctrl Pts',(-26.893735077551,-35.0706607768252,-58.));
#2806=CARTESIAN_POINT('Ctrl Pts',(-26.893735077551,-35.0706607768252,-47.8000000000036));
#2807=CARTESIAN_POINT('Ctrl Pts',(-25.6355986188918,-35.7507948038379,-58.));
#2808=CARTESIAN_POINT('Ctrl Pts',(-25.6355986188918,-35.7507948038379,-47.8000000000036));
#2809=CARTESIAN_POINT('Ctrl Pts',(-24.312316530309,-36.3111286904301,-58.));
#2810=CARTESIAN_POINT('Ctrl Pts',(-24.312316530309,-36.3111286904301,-47.8000000000036));
#2811=CARTESIAN_POINT('Ctrl Pts',(-22.9210831228559,-36.9002360539175,-58.));
#2812=CARTESIAN_POINT('Ctrl Pts',(-22.9210831228559,-36.9002360539175,-47.8000000000036));
#2813=CARTESIAN_POINT('Ctrl Pts',(-21.4621182300571,-37.3517402411026,-58.));
#2814=CARTESIAN_POINT('Ctrl Pts',(-21.4621182300571,-37.3517402411026,-47.8000000000036));
#2815=CARTESIAN_POINT('Ctrl Pts',(-19.9803674978843,-37.6514402936672,-58.));
#2816=CARTESIAN_POINT('Ctrl Pts',(-19.9803674978843,-37.6514402936672,-47.8000000000036));
#2817=CARTESIAN_POINT('Ctrl Pts',(-18.498450120029,-37.9511740521168,-58.));
#2818=CARTESIAN_POINT('Ctrl Pts',(-18.498450120029,-37.9511740521168,-47.8000000000036));
#2819=CARTESIAN_POINT('Ctrl Pts',(-16.9997411164059,-38.1,-58.));
#2820=CARTESIAN_POINT('Ctrl Pts',(-16.9997411164059,-38.1,-47.8000000000036));
#2821=CARTESIAN_POINT('Ctrl Pts',(-15.5,-38.1,-58.));
#2822=CARTESIAN_POINT('Ctrl Pts',(-15.5,-38.1,-47.8000000000036));
#2823=CARTESIAN_POINT('Ctrl Pts',(-9.00798441873315,-38.1,-58.));
#2824=CARTESIAN_POINT('Ctrl Pts',(-9.00798441873315,-38.1,-47.8000000000036));
#2825=CARTESIAN_POINT('Ctrl Pts',(-2.50282032562079,-38.1,-58.));
#2826=CARTESIAN_POINT('Ctrl Pts',(-2.50282032562079,-38.1,-47.8000000000036));
#2827=CARTESIAN_POINT('Ctrl Pts',(3.99609247820296,-38.1,-58.));
#2828=CARTESIAN_POINT('Ctrl Pts',(3.99609247820296,-38.1,-47.8000000000036));
#2829=CARTESIAN_POINT('Ctrl Pts',(7.82752519210301,-38.1,-58.));
#2830=CARTESIAN_POINT('Ctrl Pts',(7.82752519210301,-38.1,-47.8000000000036));
#2831=CARTESIAN_POINT('Ctrl Pts',(11.6252380789775,-38.1,-58.));
#2832=CARTESIAN_POINT('Ctrl Pts',(11.6252380789775,-38.1,-47.8000000000036));
#2833=CARTESIAN_POINT('Ctrl Pts',(15.5,-38.1,-58.));
#2834=CARTESIAN_POINT('Ctrl Pts',(15.5,-38.1,-47.8000000000036));
#2835=CARTESIAN_POINT('Ctrl Pts',(17.4158595402306,-38.1,-58.));
#2836=CARTESIAN_POINT('Ctrl Pts',(17.4158595402306,-38.1,-47.8000000000036));
#2837=CARTESIAN_POINT('Ctrl Pts',(19.3392450756753,-37.8524104091887,-58.));
#2838=CARTESIAN_POINT('Ctrl Pts',(19.3392450756753,-37.8524104091887,-47.8000000000036));
#2839=CARTESIAN_POINT('Ctrl Pts',(21.1783097205778,-37.3750268278051,-58.));
#2840=CARTESIAN_POINT('Ctrl Pts',(21.1783097205778,-37.3750268278051,-47.8000000000036));
#2841=CARTESIAN_POINT('Ctrl Pts',(23.0177287065283,-36.89755126673,-58.));
#2842=CARTESIAN_POINT('Ctrl Pts',(23.0177287065283,-36.89755126673,-47.8000000000036));
#2843=CARTESIAN_POINT('Ctrl Pts',(24.7875546339246,-36.1919045982992,-58.));
#2844=CARTESIAN_POINT('Ctrl Pts',(24.7875546339246,-36.1919045982992,-47.8000000000036));
#2845=CARTESIAN_POINT('Ctrl Pts',(26.4592159983862,-35.2650090994342,-58.));
#2846=CARTESIAN_POINT('Ctrl Pts',(26.4592159983862,-35.2650090994342,-47.8000000000036));
#2847=CARTESIAN_POINT('Ctrl Pts',(28.0641838589812,-34.3750935235678,-58.));
#2848=CARTESIAN_POINT('Ctrl Pts',(28.0641838589812,-34.3750935235678,-47.8000000000036));
#2849=CARTESIAN_POINT('Ctrl Pts',(29.563856747767,-33.2841488216891,-58.));
#2850=CARTESIAN_POINT('Ctrl Pts',(29.563856747767,-33.2841488216891,-47.8000000000036));
#2851=CARTESIAN_POINT('Ctrl Pts',(30.8953729781115,-32.0451651809475,-58.));
#2852=CARTESIAN_POINT('Ctrl Pts',(30.8953729781115,-32.0451651809475,-47.8000000000036));
#2853=CARTESIAN_POINT('Ctrl Pts',(31.5122604996503,-31.4711477338101,-58.));
#2854=CARTESIAN_POINT('Ctrl Pts',(31.5122604996503,-31.4711477338101,-47.8000000000036));
#2855=CARTESIAN_POINT('Ctrl Pts',(32.1002968349865,-30.8594063468604,-58.));
#2856=CARTESIAN_POINT('Ctrl Pts',(32.1002968349865,-30.8594063468604,-47.8000000000036));
#2857=CARTESIAN_POINT('Ctrl Pts',(32.6532397951751,-30.214834845462,-58.));
#2858=CARTESIAN_POINT('Ctrl Pts',(32.6532397951751,-30.214834845462,-47.8000000000036));
#2859=CARTESIAN_POINT('Ctrl Pts',(34.012969445354,-28.6297835016257,-58.));
#2860=CARTESIAN_POINT('Ctrl Pts',(34.012969445354,-28.6297835016257,-47.8000000000036));
#2861=CARTESIAN_POINT('Ctrl Pts',(35.1566012994707,-26.8433544999584,-58.));
#2862=CARTESIAN_POINT('Ctrl Pts',(35.1566012994707,-26.8433544999584,-47.8000000000036));
#2863=CARTESIAN_POINT('Ctrl Pts',(36.0241001525091,-24.9615703205005,-58.));
#2864=CARTESIAN_POINT('Ctrl Pts',(36.0241001525091,-24.9615703205005,-47.8000000000036));
#2865=CARTESIAN_POINT('Ctrl Pts',(36.7013354824607,-23.492507018331,-58.));
#2866=CARTESIAN_POINT('Ctrl Pts',(36.7013354824607,-23.492507018331,-47.8000000000036));
#2867=CARTESIAN_POINT('Ctrl Pts',(37.2262721901635,-21.9339625654126,-58.));
#2868=CARTESIAN_POINT('Ctrl Pts',(37.2262721901635,-21.9339625654126,-47.8000000000036));
#2869=CARTESIAN_POINT('Ctrl Pts',(37.5759137582945,-20.3388047838638,-58.));
#2870=CARTESIAN_POINT('Ctrl Pts',(37.5759137582945,-20.3388047838638,-47.8000000000036));
#2871=CARTESIAN_POINT('Ctrl Pts',(37.9255779840056,-18.7435436324116,-58.));
#2872=CARTESIAN_POINT('Ctrl Pts',(37.9255779840056,-18.7435436324116,-47.8000000000036));
#2873=CARTESIAN_POINT('Ctrl Pts',(38.1,-17.117922314113,-58.));
#2874=CARTESIAN_POINT('Ctrl Pts',(38.1,-17.117922314113,-47.8000000000036));
#2875=CARTESIAN_POINT('Ctrl Pts',(38.1,-15.5,-58.));
#2876=CARTESIAN_POINT('Ctrl Pts',(38.1,-15.5,-47.8000000000036));
#2877=CARTESIAN_POINT('Ctrl Pts',(38.1,-9.98813326592539,-58.));
#2878=CARTESIAN_POINT('Ctrl Pts',(38.1,-9.98813326592539,-47.8000000000036));
#2879=CARTESIAN_POINT('Ctrl Pts',(38.1,-4.46423361651104,-58.));
#2880=CARTESIAN_POINT('Ctrl Pts',(38.1,-4.46423361651104,-47.8000000000036));
#2881=CARTESIAN_POINT('Ctrl Pts',(38.1,1.09356257692893,-58.));
#2882=CARTESIAN_POINT('Ctrl Pts',(38.1,1.09356257692893,-47.8000000000036));
#2883=CARTESIAN_POINT('Ctrl Pts',(38.1,4.81777626503205,-58.));
#2884=CARTESIAN_POINT('Ctrl Pts',(38.1,4.81777626503205,-47.8000000000036));
#2885=CARTESIAN_POINT('Ctrl Pts',(38.1,8.50787191638881,-58.));
#2886=CARTESIAN_POINT('Ctrl Pts',(38.1,8.50787191638881,-47.8000000000036));
#2887=CARTESIAN_POINT('Ctrl Pts',(38.1,12.173509383575,-58.));
#2888=CARTESIAN_POINT('Ctrl Pts',(38.1,12.173509383575,-47.8000000000036));
#2889=CARTESIAN_POINT('Ctrl Pts',(38.1,13.2805751733436,-58.));
#2890=CARTESIAN_POINT('Ctrl Pts',(38.1,13.2805751733436,-47.8000000000036));
#2891=CARTESIAN_POINT('Ctrl Pts',(38.1,14.3882609008002,-58.));
#2892=CARTESIAN_POINT('Ctrl Pts',(38.1,14.3882609008002,-47.8000000000036));
#2893=CARTESIAN_POINT('Ctrl Pts',(38.1,15.5,-58.));
#2894=CARTESIAN_POINT('Ctrl Pts',(38.1,15.5,-47.8000000000036));
#2895=CARTESIAN_POINT('Ctrl Pts',(38.1,17.1596519781785,-58.));
#2896=CARTESIAN_POINT('Ctrl Pts',(38.1,17.1596519781785,-47.8000000000036));
#2897=CARTESIAN_POINT('Ctrl Pts',(37.9175070715787,18.8147752315822,-58.));
#2898=CARTESIAN_POINT('Ctrl Pts',(37.9175070715787,18.8147752315822,-47.8000000000036));
#2899=CARTESIAN_POINT('Ctrl Pts',(37.5535883669149,20.4395586991831,-58.));
#2900=CARTESIAN_POINT('Ctrl Pts',(37.5535883669149,20.4395586991831,-47.8000000000036));
#2901=CARTESIAN_POINT('Ctrl Pts',(36.936918493056,23.1927972746477,-58.));
#2902=CARTESIAN_POINT('Ctrl Pts',(36.936918493056,23.1927972746477,-47.8000000000036));
#2903=CARTESIAN_POINT('Ctrl Pts',(35.7742020821926,25.8776366033417,-58.));
#2904=CARTESIAN_POINT('Ctrl Pts',(35.7742020821926,25.8776366033417,-47.8000000000036));
#2905=CARTESIAN_POINT('Ctrl Pts',(34.1852773554796,28.2130016183748,-58.));
#2906=CARTESIAN_POINT('Ctrl Pts',(34.1852773554796,28.2130016183748,-47.8000000000036));
#2907=CARTESIAN_POINT('Ctrl Pts',(33.3663533244136,29.4166373224259,-58.));
#2908=CARTESIAN_POINT('Ctrl Pts',(33.3663533244136,29.4166373224259,-47.8000000000036));
#2909=CARTESIAN_POINT('Ctrl Pts',(32.4259568169613,30.5475015235267,-58.));
#2910=CARTESIAN_POINT('Ctrl Pts',(32.4259568169613,30.5475015235267,-47.8000000000036));
#2911=CARTESIAN_POINT('Ctrl Pts',(31.3814518590446,31.5791631265078,-58.));
#2912=CARTESIAN_POINT('Ctrl Pts',(31.3814518590446,31.5791631265078,-47.8000000000036));
#2913=CARTESIAN_POINT('Ctrl Pts',(30.3369869184534,32.6107852042211,-58.));
#2914=CARTESIAN_POINT('Ctrl Pts',(30.3369869184534,32.6107852042211,-47.8000000000036));
#2915=CARTESIAN_POINT('Ctrl Pts',(29.1904299501066,33.5402791798853,-58.));
#2916=CARTESIAN_POINT('Ctrl Pts',(29.1904299501066,33.5402791798853,-47.8000000000036));
#2917=CARTESIAN_POINT('Ctrl Pts',(27.9765212093121,34.344002189386,-58.));
#2918=CARTESIAN_POINT('Ctrl Pts',(27.9765212093121,34.344002189386,-47.8000000000036));
#2919=CARTESIAN_POINT('Ctrl Pts',(26.145055132733,35.5566068748941,-58.));
#2920=CARTESIAN_POINT('Ctrl Pts',(26.145055132733,35.5566068748941,-47.8000000000036));
#2921=CARTESIAN_POINT('Ctrl Pts',(24.1140489969842,36.5106089994158,-58.));
#2922=CARTESIAN_POINT('Ctrl Pts',(24.1140489969842,36.5106089994158,-47.8000000000036));
#2923=CARTESIAN_POINT('Ctrl Pts',(21.9965836162307,37.146117465202,-58.));
#2924=CARTESIAN_POINT('Ctrl Pts',(21.9965836162307,37.146117465202,-47.8000000000036));
#2925=CARTESIAN_POINT('Ctrl Pts',(19.8787290954782,37.7817427223965,-58.));
#2926=CARTESIAN_POINT('Ctrl Pts',(19.8787290954782,37.7817427223965,-47.8000000000036));
#2927=CARTESIAN_POINT('Ctrl Pts',(17.6971188705431,38.1,-58.));
#2928=CARTESIAN_POINT('Ctrl Pts',(17.6971188705431,38.1,-47.8000000000036));
#2929=CARTESIAN_POINT('Ctrl Pts',(15.5,38.1,-58.));
#2930=CARTESIAN_POINT('Ctrl Pts',(15.5,38.1,-47.8000000000036));
#2931=CARTESIAN_POINT('Ctrl Pts',(6.41299677518089,38.1,-58.));
#2932=CARTESIAN_POINT('Ctrl Pts',(6.41299677518089,38.1,-47.8000000000036));
#2933=CARTESIAN_POINT('Ctrl Pts',(-2.66784767574481,38.1,-58.));
#2934=CARTESIAN_POINT('Ctrl Pts',(-2.66784767574481,38.1,-47.8000000000036));
#2935=CARTESIAN_POINT('Ctrl Pts',(-11.7406599717779,38.1,-58.));
#2936=CARTESIAN_POINT('Ctrl Pts',(-11.7406599717779,38.1,-47.8000000000036));
#2937=CARTESIAN_POINT('Ctrl Pts',(-12.9930419066856,38.1,-58.));
#2938=CARTESIAN_POINT('Ctrl Pts',(-12.9930419066856,38.1,-47.8000000000036));
#2939=CARTESIAN_POINT('Ctrl Pts',(-14.2460166784111,38.1,-58.));
#2940=CARTESIAN_POINT('Ctrl Pts',(-14.2460166784111,38.1,-47.8000000000036));
#2941=CARTESIAN_POINT('Ctrl Pts',(-15.5,38.1,-58.));
#2942=CARTESIAN_POINT('Ctrl Pts',(-15.5,38.1,-47.8000000000036));
#2943=CARTESIAN_POINT('Ctrl Pts',(-16.6474971901831,38.1,-58.));
#2944=CARTESIAN_POINT('Ctrl Pts',(-16.6474971901831,38.1,-47.8000000000036));
#2945=CARTESIAN_POINT('Ctrl Pts',(-17.7920642378266,38.0130446378072,-58.));
#2946=CARTESIAN_POINT('Ctrl Pts',(-17.7920642378266,38.0130446378072,-47.8000000000036));
#2947=CARTESIAN_POINT('Ctrl Pts',(-18.9322592197597,37.8378512092899,-58.));
#2948=CARTESIAN_POINT('Ctrl Pts',(-18.9322592197597,37.8378512092899,-47.8000000000036));
#2949=CARTESIAN_POINT('Ctrl Pts',(-21.2167293316742,37.4868374286706,-58.));
#2950=CARTESIAN_POINT('Ctrl Pts',(-21.2167293316742,37.4868374286706,-47.8000000000036));
#2951=CARTESIAN_POINT('Ctrl Pts',(-23.4662353129855,36.7737922041409,-58.));
#2952=CARTESIAN_POINT('Ctrl Pts',(-23.4662353129855,36.7737922041409,-47.8000000000036));
#2953=CARTESIAN_POINT('Ctrl Pts',(-25.5246890228494,35.7550144407542,-58.));
#2954=CARTESIAN_POINT('Ctrl Pts',(-25.5246890228494,35.7550144407542,-47.8000000000036));
#2955=CARTESIAN_POINT('Ctrl Pts',(-28.1365039491425,34.4623650329788,-58.));
#2956=CARTESIAN_POINT('Ctrl Pts',(-28.1365039491425,34.4623650329788,-47.8000000000036));
#2957=CARTESIAN_POINT('Ctrl Pts',(-30.5384510916929,32.6200907843209,-58.));
#2958=CARTESIAN_POINT('Ctrl Pts',(-30.5384510916929,32.6200907843209,-47.8000000000036));
#2959=CARTESIAN_POINT('Ctrl Pts',(-32.4639647200802,30.432645478142,-58.));
#2960=CARTESIAN_POINT('Ctrl Pts',(-32.4639647200802,30.432645478142,-47.8000000000036));
#2961=CARTESIAN_POINT('Ctrl Pts',(-34.3894783484675,28.2452001719631,-58.));
#2962=CARTESIAN_POINT('Ctrl Pts',(-34.3894783484675,28.2452001719631,-47.8000000000036));
#2963=CARTESIAN_POINT('Ctrl Pts',(-35.9121717106713,25.6289567949864,-58.));
#2964=CARTESIAN_POINT('Ctrl Pts',(-35.9121717106713,25.6289567949864,-47.8000000000036));
#2965=CARTESIAN_POINT('Ctrl Pts',(-36.8630577956488,22.8742634628666,-58.));
#2966=CARTESIAN_POINT('Ctrl Pts',(-36.8630577956488,22.8742634628666,-47.8000000000036));
#2967=CARTESIAN_POINT('Ctrl Pts',(-37.6749287628379,20.5222934685742,-58.));
#2968=CARTESIAN_POINT('Ctrl Pts',(-37.6749287628379,20.5222934685742,-47.8000000000036));
#2969=CARTESIAN_POINT('Ctrl Pts',(-38.1,18.0087824445338,-58.));
#2970=CARTESIAN_POINT('Ctrl Pts',(-38.1,18.0087824445338,-47.8000000000036));
#2971=CARTESIAN_POINT('Ctrl Pts',(-38.1,15.5,-58.));
#2972=CARTESIAN_POINT('Ctrl Pts',(-38.1,15.5,-47.8000000000036));
#2973=CARTESIAN_POINT('Ctrl Pts',(-38.1,10.8180739420487,-58.));
#2974=CARTESIAN_POINT('Ctrl Pts',(-38.1,10.8180739420487,-47.8000000000036));
#2975=CARTESIAN_POINT('Ctrl Pts',(-38.1,6.20490491095491,-58.));
#2976=CARTESIAN_POINT('Ctrl Pts',(-38.1,6.20490491095491,-47.8000000000036));
#2977=CARTESIAN_POINT('Ctrl Pts',(-38.1,1.5633200829456,-58.));
#2978=CARTESIAN_POINT('Ctrl Pts',(-38.1,1.5633200829456,-47.8000000000036));
#2979=CARTESIAN_POINT('Ctrl Pts',(-38.1,1.04231140729467,-58.));
#2980=CARTESIAN_POINT('Ctrl Pts',(-38.1,1.04231140729467,-47.8000000000036));
#2981=CARTESIAN_POINT('Ctrl Pts',(-38.1,0.521217656426286,-58.));
#2982=CARTESIAN_POINT('Ctrl Pts',(-38.1,0.521217656426286,-47.8000000000036));
#2983=CARTESIAN_POINT('Ctrl Pts',(-38.1,-1.53712168441651E-14,-58.));
#2984=CARTESIAN_POINT('Ctrl Pts',(-38.1,-1.53712168441651E-14,-47.8000000000036));
#2985=CARTESIAN_POINT('',(-10.3799460438619,-38.1,-50.7000000000031));
#2986=CARTESIAN_POINT('',(-10.3799460438618,-38.1,-50.7000000000031));
#2987=CARTESIAN_POINT('',(-10.3799460438619,-38.1,-49.5000000000031));
#2988=CARTESIAN_POINT('',(-10.3799460438619,-38.1,-49.500000000003));
#2989=CARTESIAN_POINT('',(-38.1,-1.53712168441651E-14,-49.5000000000032));
#2990=CARTESIAN_POINT('Ctrl Pts',(-38.1,-1.53712168441651E-14,-49.500000000003));
#2991=CARTESIAN_POINT('Ctrl Pts',(-38.1,-3.87101445953812,-49.500000000003));
#2992=CARTESIAN_POINT('Ctrl Pts',(-38.1,-7.8453759900327,-49.500000000003));
#2993=CARTESIAN_POINT('Ctrl Pts',(-38.1,-11.7238471620717,-49.500000000003));
#2994=CARTESIAN_POINT('Ctrl Pts',(-38.1,-12.9875427440179,-49.500000000003));
#2995=CARTESIAN_POINT('Ctrl Pts',(-38.1,-14.2459791959331,-49.500000000003));
#2996=CARTESIAN_POINT('Ctrl Pts',(-38.1,-15.5,-49.500000000003));
#2997=CARTESIAN_POINT('Ctrl Pts',(-38.1,-17.2450144413262,-49.500000000003));
#2998=CARTESIAN_POINT('Ctrl Pts',(-37.898642748779,-18.9795027016469,-49.500000000003));
#2999=CARTESIAN_POINT('Ctrl Pts',(-37.4987341486827,-20.67838737983,-49.500000000003));
#3000=CARTESIAN_POINT('Ctrl Pts',(-37.0988635359478,-22.3771106807728,-49.500000000003));
#3001=CARTESIAN_POINT('Ctrl Pts',(-36.4959075188963,-24.0480667044453,-49.500000000003));
#3002=CARTESIAN_POINT('Ctrl Pts',(-35.701836494844,-25.6314264659815,-49.500000000003));
#3003=CARTESIAN_POINT('Ctrl Pts',(-34.9309263586635,-27.1686039380412,-49.500000000003));
#3004=CARTESIAN_POINT('Ctrl Pts',(-33.980869183834,-28.6194596895822,-49.500000000003));
#3005=CARTESIAN_POINT('Ctrl Pts',(-32.8929852343041,-29.9306640401362,-49.500000000003));
#3006=CARTESIAN_POINT('Ctrl Pts',(-32.4315426336539,-30.4868314013377,-49.500000000003));
#3007=CARTESIAN_POINT('Ctrl Pts',(-31.9412286044887,-31.0233912023709,-49.500000000003));
#3008=CARTESIAN_POINT('Ctrl Pts',(-31.4248156005301,-31.5362167635983,-49.500000000003));
#3009=CARTESIAN_POINT('Ctrl Pts',(-30.4048754449505,-32.5490715497753,-49.500000000003));
#3010=CARTESIAN_POINT('Ctrl Pts',(-29.2821810841,-33.4688283709137,-49.500000000003));
#3011=CARTESIAN_POINT('Ctrl Pts',(-28.0880524862341,-34.2696812600485,-49.500000000003));
#3012=CARTESIAN_POINT('Ctrl Pts',(-26.893735077551,-35.0706607768252,-49.500000000003));
#3013=CARTESIAN_POINT('Ctrl Pts',(-25.6355986188918,-35.7507948038379,-49.500000000003));
#3014=CARTESIAN_POINT('Ctrl Pts',(-24.312316530309,-36.3111286904301,-49.500000000003));
#3015=CARTESIAN_POINT('Ctrl Pts',(-22.9210831228559,-36.9002360539175,-49.500000000003));
#3016=CARTESIAN_POINT('Ctrl Pts',(-21.4621182300571,-37.3517402411026,-49.500000000003));
#3017=CARTESIAN_POINT('Ctrl Pts',(-19.9803674978843,-37.6514402936672,-49.500000000003));
#3018=CARTESIAN_POINT('Ctrl Pts',(-18.498450120029,-37.9511740521168,-49.500000000003));
#3019=CARTESIAN_POINT('Ctrl Pts',(-16.9997411164059,-38.1,-49.500000000003));
#3020=CARTESIAN_POINT('Ctrl Pts',(-15.5,-38.1,-49.500000000003));
#3021=CARTESIAN_POINT('Ctrl Pts',(-13.7941058878996,-38.1,-49.500000000003));
#3022=CARTESIAN_POINT('Ctrl Pts',(-12.0873039100425,-38.1,-49.500000000003));
#3023=CARTESIAN_POINT('Ctrl Pts',(-10.3799460438689,-38.1,-49.500000000003));
#3024=CARTESIAN_POINT('',(-38.1,-1.53712168441651E-14,-58.));
#3025=CARTESIAN_POINT('',(10.1599460438618,-38.1,-49.5000000000031));
#3026=CARTESIAN_POINT('Ctrl Pts',(10.1599460438618,-38.1,-49.500000000003));
#3027=CARTESIAN_POINT('Ctrl Pts',(11.9307836583194,-38.1,-49.500000000003));
#3028=CARTESIAN_POINT('Ctrl Pts',(13.7071440322325,-38.1,-49.500000000003));
#3029=CARTESIAN_POINT('Ctrl Pts',(15.5,-38.1,-49.500000000003));
#3030=CARTESIAN_POINT('Ctrl Pts',(17.4158595402306,-38.1,-49.500000000003));
#3031=CARTESIAN_POINT('Ctrl Pts',(19.3392450756753,-37.8524104091887,-49.500000000003));
#3032=CARTESIAN_POINT('Ctrl Pts',(21.1783097205778,-37.3750268278051,-49.500000000003));
#3033=CARTESIAN_POINT('Ctrl Pts',(23.0177287065283,-36.89755126673,-49.500000000003));
#3034=CARTESIAN_POINT('Ctrl Pts',(24.7875546339246,-36.1919045982992,-49.500000000003));
#3035=CARTESIAN_POINT('Ctrl Pts',(26.4592159983862,-35.2650090994342,-49.500000000003));
#3036=CARTESIAN_POINT('Ctrl Pts',(28.0641838589812,-34.3750935235678,-49.500000000003));
#3037=CARTESIAN_POINT('Ctrl Pts',(29.563856747767,-33.2841488216891,-49.500000000003));
#3038=CARTESIAN_POINT('Ctrl Pts',(30.8953729781115,-32.0451651809475,-49.500000000003));
#3039=CARTESIAN_POINT('Ctrl Pts',(31.5122604996503,-31.4711477338101,-49.500000000003));
#3040=CARTESIAN_POINT('Ctrl Pts',(32.1002968349865,-30.8594063468604,-49.500000000003));
#3041=CARTESIAN_POINT('Ctrl Pts',(32.6532397951751,-30.214834845462,-49.500000000003));
#3042=CARTESIAN_POINT('Ctrl Pts',(34.012969445354,-28.6297835016257,-49.500000000003));
#3043=CARTESIAN_POINT('Ctrl Pts',(35.1566012994707,-26.8433544999584,-49.500000000003));
#3044=CARTESIAN_POINT('Ctrl Pts',(36.0241001525091,-24.9615703205005,-49.500000000003));
#3045=CARTESIAN_POINT('Ctrl Pts',(36.7013354824607,-23.492507018331,-49.500000000003));
#3046=CARTESIAN_POINT('Ctrl Pts',(37.2262721901635,-21.9339625654126,-49.500000000003));
#3047=CARTESIAN_POINT('Ctrl Pts',(37.5759137582945,-20.3388047838638,-49.500000000003));
#3048=CARTESIAN_POINT('Ctrl Pts',(37.9255779840056,-18.7435436324116,-49.500000000003));
#3049=CARTESIAN_POINT('Ctrl Pts',(38.1,-17.117922314113,-49.500000000003));
#3050=CARTESIAN_POINT('Ctrl Pts',(38.1,-15.5,-49.500000000003));
#3051=CARTESIAN_POINT('Ctrl Pts',(38.1,-10.3396174102735,-49.500000000003));
#3052=CARTESIAN_POINT('Ctrl Pts',(38.1,-5.16868761896513,-49.500000000003));
#3053=CARTESIAN_POINT('Ctrl Pts',(38.1,0.030731413945956,-49.500000000003));
#3054=CARTESIAN_POINT('Ctrl Pts',(38.1,0.360515854717554,-49.500000000003));
#3055=CARTESIAN_POINT('Ctrl Pts',(38.1,0.690414907880133,-49.500000000003));
#3056=CARTESIAN_POINT('Ctrl Pts',(38.1,1.02043315166621,-49.500000000003));
#3057=CARTESIAN_POINT('Ctrl Pts',(38.1,1.08134188792744,-49.500000000003));
#3058=CARTESIAN_POINT('Ctrl Pts',(38.1,1.14225627031683,-49.500000000003));
#3059=CARTESIAN_POINT('Ctrl Pts',(38.1,1.20315732751877,-49.500000000003));
#3060=CARTESIAN_POINT('Ctrl Pts',(38.1,3.6089430891169,-49.500000000003));
#3061=CARTESIAN_POINT('Ctrl Pts',(38.1,6.00052596072478,-49.500000000003));
#3062=CARTESIAN_POINT('Ctrl Pts',(38.1,8.38051132461193,-49.500000000003));
#3063=CARTESIAN_POINT('Ctrl Pts',(38.1,9.57050400655551,-49.500000000003));
#3064=CARTESIAN_POINT('Ctrl Pts',(38.1,10.7575973115689,-49.500000000003));
#3065=CARTESIAN_POINT('Ctrl Pts',(38.1,11.9421169124358,-49.500000000003));
#3066=CARTESIAN_POINT('Ctrl Pts',(38.1,12.0187867509399,-49.500000000003));
#3067=CARTESIAN_POINT('Ctrl Pts',(38.1,12.095445806851,-49.500000000003));
#3068=CARTESIAN_POINT('Ctrl Pts',(38.1,12.1720941684827,-49.500000000003));
#3069=CARTESIAN_POINT('Ctrl Pts',(38.1,12.2401314421976,-49.500000000003));
#3070=CARTESIAN_POINT('Ctrl Pts',(38.1,12.3081707548812,-49.500000000003));
#3071=CARTESIAN_POINT('Ctrl Pts',(38.1,12.376213348239,-49.500000000003));
#3072=CARTESIAN_POINT('Ctrl Pts',(38.1,13.4157967800636,-49.500000000003));
#3073=CARTESIAN_POINT('Ctrl Pts',(38.1,14.4561115368241,-49.500000000003));
#3074=CARTESIAN_POINT('Ctrl Pts',(38.1,15.5,-49.500000000003));
#3075=CARTESIAN_POINT('Ctrl Pts',(38.1,17.1596519781785,-49.500000000003));
#3076=CARTESIAN_POINT('Ctrl Pts',(37.9175070715787,18.8147752315822,-49.500000000003));
#3077=CARTESIAN_POINT('Ctrl Pts',(37.5535883669149,20.4395586991831,-49.500000000003));
#3078=CARTESIAN_POINT('Ctrl Pts',(36.936918493056,23.1927972746477,-49.500000000003));
#3079=CARTESIAN_POINT('Ctrl Pts',(35.7742020821926,25.8776366033417,-49.500000000003));
#3080=CARTESIAN_POINT('Ctrl Pts',(34.1852773554796,28.2130016183748,-49.500000000003));
#3081=CARTESIAN_POINT('Ctrl Pts',(33.3663533244136,29.4166373224259,-49.500000000003));
#3082=CARTESIAN_POINT('Ctrl Pts',(32.4259568169613,30.5475015235267,-49.500000000003));
#3083=CARTESIAN_POINT('Ctrl Pts',(31.3814518590446,31.5791631265078,-49.500000000003));
#3084=CARTESIAN_POINT('Ctrl Pts',(30.3369869184534,32.6107852042211,-49.500000000003));
#3085=CARTESIAN_POINT('Ctrl Pts',(29.1904299501066,33.5402791798853,-49.500000000003));
#3086=CARTESIAN_POINT('Ctrl Pts',(27.9765212093121,34.344002189386,-49.500000000003));
#3087=CARTESIAN_POINT('Ctrl Pts',(26.145055132733,35.5566068748941,-49.500000000003));
#3088=CARTESIAN_POINT('Ctrl Pts',(24.1140489969842,36.5106089994158,-49.500000000003));
#3089=CARTESIAN_POINT('Ctrl Pts',(21.9965836162307,37.146117465202,-49.500000000003));
#3090=CARTESIAN_POINT('Ctrl Pts',(19.8787290954782,37.7817427223965,-49.500000000003));
#3091=CARTESIAN_POINT('Ctrl Pts',(17.6971188705431,38.1,-49.500000000003));
#3092=CARTESIAN_POINT('Ctrl Pts',(15.5,38.1,-49.500000000003));
#3093=CARTESIAN_POINT('Ctrl Pts',(10.3293279849697,38.1,-49.500000000003));
#3094=CARTESIAN_POINT('Ctrl Pts',(5.16065006967974,38.1,-49.500000000003));
#3095=CARTESIAN_POINT('Ctrl Pts',(-0.00568859812803701,38.1,-49.500000000003));
#3096=CARTESIAN_POINT('Ctrl Pts',(-2.58885793203192,38.1,-49.500000000003));
#3097=CARTESIAN_POINT('Ctrl Pts',(-5.17144245406527,38.1,-49.500000000003));
#3098=CARTESIAN_POINT('Ctrl Pts',(-7.75339902076034,38.1,-49.500000000003));
#3099=CARTESIAN_POINT('Ctrl Pts',(-9.04437730410788,38.1,-49.500000000003));
#3100=CARTESIAN_POINT('Ctrl Pts',(-10.3351985986209,38.1,-49.500000000003));
#3101=CARTESIAN_POINT('Ctrl Pts',(-11.6258575113658,38.1,-49.500000000003));
#3102=CARTESIAN_POINT('Ctrl Pts',(-11.7601764224582,38.1,-49.500000000003));
#3103=CARTESIAN_POINT('Ctrl Pts',(-11.8944943906875,38.1,-49.500000000003));
#3104=CARTESIAN_POINT('Ctrl Pts',(-12.0288223141453,38.1,-49.500000000003));
#3105=CARTESIAN_POINT('Ctrl Pts',(-13.1852399024798,38.1,-49.500000000003));
#3106=CARTESIAN_POINT('Ctrl Pts',(-14.3421900601874,38.1,-49.500000000003));
#3107=CARTESIAN_POINT('Ctrl Pts',(-15.5,38.1,-49.500000000003));
#3108=CARTESIAN_POINT('Ctrl Pts',(-16.6474971901831,38.1,-49.500000000003));
#3109=CARTESIAN_POINT('Ctrl Pts',(-17.7920642378266,38.0130446378072,-49.500000000003));
#3110=CARTESIAN_POINT('Ctrl Pts',(-18.9322592197597,37.8378512092899,-49.500000000003));
#3111=CARTESIAN_POINT('Ctrl Pts',(-21.2167293316742,37.4868374286706,-49.500000000003));
#3112=CARTESIAN_POINT('Ctrl Pts',(-23.4662353129855,36.7737922041409,-49.500000000003));
#3113=CARTESIAN_POINT('Ctrl Pts',(-25.5246890228494,35.7550144407542,-49.500000000003));
#3114=CARTESIAN_POINT('Ctrl Pts',(-28.1365039491425,34.4623650329788,-49.500000000003));
#3115=CARTESIAN_POINT('Ctrl Pts',(-30.5384510916929,32.6200907843209,-49.500000000003));
#3116=CARTESIAN_POINT('Ctrl Pts',(-32.4639647200802,30.432645478142,-49.500000000003));
#3117=CARTESIAN_POINT('Ctrl Pts',(-34.3894783484675,28.2452001719631,-49.500000000003));
#3118=CARTESIAN_POINT('Ctrl Pts',(-35.9121717106713,25.6289567949864,-49.500000000003));
#3119=CARTESIAN_POINT('Ctrl Pts',(-36.8630577956488,22.8742634628666,-49.500000000003));
#3120=CARTESIAN_POINT('Ctrl Pts',(-37.6749287628379,20.5222934685742,-49.500000000003));
#3121=CARTESIAN_POINT('Ctrl Pts',(-38.1,18.0087824445338,-49.500000000003));
#3122=CARTESIAN_POINT('Ctrl Pts',(-38.1,15.5,-49.500000000003));
#3123=CARTESIAN_POINT('Ctrl Pts',(-38.1,12.8962685217407,-49.500000000003));
#3124=CARTESIAN_POINT('Ctrl Pts',(-38.1,10.3138017980719,-49.500000000003));
#3125=CARTESIAN_POINT('Ctrl Pts',(-38.1,7.73588662352666,-49.500000000003));
#3126=CARTESIAN_POINT('Ctrl Pts',(-38.1,6.44692903625401,-49.500000000003));
#3127=CARTESIAN_POINT('Ctrl Pts',(-38.1,5.15910933626223,-49.500000000003));
#3128=CARTESIAN_POINT('Ctrl Pts',(-38.1,3.87033837286796,-49.500000000003));
#3129=CARTESIAN_POINT('Ctrl Pts',(-38.1,3.22595289117082,-49.500000000003));
#3130=CARTESIAN_POINT('Ctrl Pts',(-38.1,2.58132959362305,-49.500000000003));
#3131=CARTESIAN_POINT('Ctrl Pts',(-38.1,1.93620733638924,-49.500000000003));
#3132=CARTESIAN_POINT('Ctrl Pts',(-38.1,1.81937455104897,-49.500000000003));
#3133=CARTESIAN_POINT('Ctrl Pts',(-38.1,1.70252540090246,-49.500000000003));
#3134=CARTESIAN_POINT('Ctrl Pts',(-38.1,1.5856583348208,-49.500000000003));
#3135=CARTESIAN_POINT('Ctrl Pts',(-38.1,1.48005619333999,-49.500000000003));
#3136=CARTESIAN_POINT('Ctrl Pts',(-38.1,1.37444759176662,-49.500000000003));
#3137=CARTESIAN_POINT('Ctrl Pts',(-38.1,1.26883660475612,-49.500000000003));
#3138=CARTESIAN_POINT('Ctrl Pts',(-38.1,0.845958846706133,-49.500000000003));
#3139=CARTESIAN_POINT('Ctrl Pts',(-38.1,0.423020231307938,-49.500000000003));
#3140=CARTESIAN_POINT('Ctrl Pts',(-38.1,-1.53210777398272E-14,-49.500000000003));
#3141=CARTESIAN_POINT('',(10.1599460438618,-38.1,-50.7000000000031));
#3142=CARTESIAN_POINT('',(10.1599460438618,-38.1,-50.7000000000031));
#3143=CARTESIAN_POINT('',(9.18000000000003,-38.1,-50.7000000000031));
#3144=CARTESIAN_POINT('Origin',(1.45363327505111E-31,-4.44089209850063E-15,
-49.5000000000031));
#3145=CARTESIAN_POINT('',(9.63453261710187,-7.7625,-49.5000000000031));
#3146=CARTESIAN_POINT('',(11.5397885054276,-4.46249999999999,-49.5000000000031));
#3147=CARTESIAN_POINT('Origin',(9.63453261710186,-5.5625,-49.5000000000031));
#3148=CARTESIAN_POINT('',(1.90525588832576,12.225,-49.5000000000031));
#3149=CARTESIAN_POINT('',(4.31388904260123,8.05312499999999,-49.5000000000031));
#3150=CARTESIAN_POINT('',(-1.90525588832577,12.225,-49.5000000000031));
#3151=CARTESIAN_POINT('Origin',(-3.31679128605811E-15,11.125,-49.5000000000031));
#3152=CARTESIAN_POINT('',(-11.5397885054277,-4.4625,-49.5000000000031));
#3153=CARTESIAN_POINT('',(-9.13115535115218,-0.290624999999998,-49.5000000000031));
#3154=CARTESIAN_POINT('',(-9.63453261710188,-7.7625,-49.5000000000031));
#3155=CARTESIAN_POINT('Origin',(-9.63453261710189,-5.5625,-49.5000000000031));
#3156=CARTESIAN_POINT('',(4.81726630855093,-7.7625,-49.5000000000031));
#3157=CARTESIAN_POINT('',(1.55,7.925,-49.5000000000031));
#3158=CARTESIAN_POINT('Origin',(-2.22044604925031E-15,7.925,-49.5000000000031));
#3159=CARTESIAN_POINT('',(-5.31325132499168,-3.9625,-49.5000000000031));
#3160=CARTESIAN_POINT('Origin',(-6.86325132499168,-3.9625,-49.5000000000031));
#3161=CARTESIAN_POINT('',(8.41325132499167,-3.9625,-49.5000000000031));
#3162=CARTESIAN_POINT('Origin',(6.86325132499167,-3.9625,-49.5000000000031));
#3163=CARTESIAN_POINT('Origin',(6.24000000000001,-15.2,-49.5000000000031));
#3164=CARTESIAN_POINT('',(6.24,-16.,-50.7000000000031));
#3165=CARTESIAN_POINT('',(6.24000000000001,-21.2277288298959,-50.7000000000031));
#3166=CARTESIAN_POINT('',(6.24,-16.,-49.5000000000031));
#3167=CARTESIAN_POINT('',(6.24000000000001,-16.,-49.5000000000031));
#3168=CARTESIAN_POINT('',(6.24000000000001,-7.60000000000001,-49.5000000000031));
#3169=CARTESIAN_POINT('Origin',(-6.46000000000002,-17.,-49.5000000000031));
#3170=CARTESIAN_POINT('',(-6.46000000000002,-16.,-49.5000000000031));
#3171=CARTESIAN_POINT('',(-6.46000000000002,-16.,-50.7000000000031));
#3172=CARTESIAN_POINT('',(-6.46000000000002,-16.,-49.5000000000031));
#3173=CARTESIAN_POINT('',(-6.46000000000002,-22.1277288298959,-50.7000000000031));
#3174=CARTESIAN_POINT('',(-6.46000000000001,-8.5,-49.5000000000031));
#3175=CARTESIAN_POINT('Origin',(8.20543068172278,-27.2554576597919,-50.7000000000031));
#3176=CARTESIAN_POINT('',(10.1599460438618,-19.5429823515106,-50.7000000000031));
#3177=CARTESIAN_POINT('Origin',(6.24,-19.94,-50.7000000000031));
#3178=CARTESIAN_POINT('',(10.1599460438618,-19.5429823515106,-50.7000000000031));
#3179=CARTESIAN_POINT('Origin',(6.24,-19.94,-49.5000000000031));
#3180=CARTESIAN_POINT('',(10.1599460438618,-19.5429823515106,-49.5000000000031));
#3181=CARTESIAN_POINT('Origin',(6.24,-19.94,-49.5000000000031));
#3182=CARTESIAN_POINT('',(10.1599460438618,-19.5429823515106,-49.5000000000031));
#3183=CARTESIAN_POINT('Origin',(10.1599460438618,-19.5429823515106,-49.5000000000031));
#3184=CARTESIAN_POINT('',(10.1599460438618,-9.77149117575532,-49.5000000000031));
#3185=CARTESIAN_POINT('Origin',(-8.42543068172278,-27.2554576597919,-50.7000000000031));
#3186=CARTESIAN_POINT('',(-10.3799460438618,-19.5429823515107,-50.7000000000031));
#3187=CARTESIAN_POINT('Origin',(-6.46000000000002,-19.94,-50.7000000000031));
#3188=CARTESIAN_POINT('',(-10.3799460438618,-19.5429823515107,-50.7000000000031));
#3189=CARTESIAN_POINT('Origin',(-6.46000000000002,-19.94,-49.5000000000031));
#3190=CARTESIAN_POINT('',(-10.3799460438618,-19.5429823515107,-49.5000000000031));
#3191=CARTESIAN_POINT('Origin',(-6.46000000000002,-19.94,-49.5000000000031));
#3192=CARTESIAN_POINT('',(-10.3799460438618,-19.5429823515107,-49.5000000000031));
#3193=CARTESIAN_POINT('Origin',(-10.3799460438618,-38.5,-49.5000000000031));
#3194=CARTESIAN_POINT('',(-10.3799460438618,-19.25,-49.5000000000031));
#3195=CARTESIAN_POINT('Origin',(1.45363327505111E-31,-4.44089209850063E-15,
-49.5000000000031));
#3196=CARTESIAN_POINT('',(-24.45,-27.,-49.5000000000032));
#3197=CARTESIAN_POINT('Origin',(-26.,-27.,-49.5000000000031));
#3198=CARTESIAN_POINT('',(27.55,27.,-49.500000000003));
#3199=CARTESIAN_POINT('Origin',(26.,27.,-49.5000000000031));
#3200=CARTESIAN_POINT('',(-24.45,27.,-49.5000000000032));
#3201=CARTESIAN_POINT('Origin',(-26.,27.,-49.5000000000031));
#3202=CARTESIAN_POINT('',(27.55,-27.,-49.500000000003));
#3203=CARTESIAN_POINT('Origin',(26.,-27.,-49.5000000000031));
#3204=CARTESIAN_POINT('',(12.579018989969,-3.86249999999999,-49.5000000000031));
#3205=CARTESIAN_POINT('',(9.63453261710187,-8.9625,-49.5000000000031));
#3206=CARTESIAN_POINT('Origin',(9.63453261710186,-5.5625,-49.5000000000031));
#3207=CARTESIAN_POINT('',(-9.63453261710188,-8.9625,-49.5000000000031));
#3208=CARTESIAN_POINT('',(-4.81726630855094,-8.9625,-49.5000000000031));
#3209=CARTESIAN_POINT('',(-12.579018989969,-3.8625,-49.5000000000031));
#3210=CARTESIAN_POINT('Origin',(-9.63453261710189,-5.5625,-49.5000000000031));
#3211=CARTESIAN_POINT('',(-2.9444863728671,12.825,-49.5000000000031));
#3212=CARTESIAN_POINT('',(-5.35311952714257,8.653125,-49.5000000000031));
#3213=CARTESIAN_POINT('',(2.94448637286708,12.825,-49.5000000000031));
#3214=CARTESIAN_POINT('Origin',(-3.45556916413625E-15,11.125,-49.5000000000031));
#3215=CARTESIAN_POINT('',(10.1703858356935,0.309375,-49.5000000000031));
#3216=CARTESIAN_POINT('Origin',(-1.92120711995397E-14,2.78125,-46.0854329031031));
#3217=CARTESIAN_POINT('',(-12.579018989969,-3.8625,-46.0854329031031));
#3218=CARTESIAN_POINT('',(-2.94448637286711,12.825,-46.0854329031031));
#3219=CARTESIAN_POINT('',(-4.75096123857371,9.69609374999999,-46.0854329031031));
#3220=CARTESIAN_POINT('',(-9.63453261710189,-8.9625,-46.0854329031031));
#3221=CARTESIAN_POINT('Origin',(-9.6345326171019,-5.5625,-46.0854329031031));
#3222=CARTESIAN_POINT('',(9.63453261710186,-8.9625,-46.0854329031031));
#3223=CARTESIAN_POINT('',(-4.81726630855095,-8.9625,-46.0854329031031));
#3224=CARTESIAN_POINT('',(12.5790189899689,-3.86249999999999,-46.0854329031031));
#3225=CARTESIAN_POINT('Origin',(9.63453261710185,-5.5625,-46.0854329031031));
#3226=CARTESIAN_POINT('',(2.94448637286707,12.825,-46.0854329031031));
#3227=CARTESIAN_POINT('',(9.56822754712461,1.35234375,-46.0854329031031));
#3228=CARTESIAN_POINT('Origin',(-1.37659242929278E-14,11.125,-46.0854329031031));
#3229=CARTESIAN_POINT('',(-1.90525588832578,12.225,-46.0854329031031));
#3230=CARTESIAN_POINT('',(-11.5397885054277,-4.4625,-46.0854329031031));
#3231=CARTESIAN_POINT('',(-8.52899706258332,0.752343749999999,-46.0854329031031));
#3232=CARTESIAN_POINT('',(1.90525588832575,12.225,-46.0854329031031));
#3233=CARTESIAN_POINT('Origin',(-1.36271464148497E-14,11.125,-46.0854329031031));
#3234=CARTESIAN_POINT('',(11.5397885054276,-4.46249999999999,-46.0854329031031));
#3235=CARTESIAN_POINT('',(3.71173075403235,9.09609375,-46.0854329031031));
#3236=CARTESIAN_POINT('',(9.63453261710186,-7.7625,-46.0854329031031));
#3237=CARTESIAN_POINT('Origin',(9.63453261710185,-5.5625,-46.0854329031031));
#3238=CARTESIAN_POINT('',(-9.63453261710189,-7.7625,-46.0854329031031));
#3239=CARTESIAN_POINT('',(4.81726630855092,-7.7625,-46.0854329031031));
#3240=CARTESIAN_POINT('Origin',(-9.6345326171019,-5.5625,-46.0854329031031));
#3241=CARTESIAN_POINT('Origin',(12.579018989969,-3.86249999999999,-49.5000000000031));
#3242=CARTESIAN_POINT('',(12.579018989969,-3.86249999999999,-49.5000000000031));
#3243=CARTESIAN_POINT('',(2.94448637286708,12.825,-49.5000000000031));
#3244=CARTESIAN_POINT('Origin',(-3.45556916413625E-15,11.125,-49.5000000000031));
#3245=CARTESIAN_POINT('',(-2.9444863728671,12.825,-49.5000000000031));
#3246=CARTESIAN_POINT('Origin',(-2.9444863728671,12.825,-49.5000000000031));
#3247=CARTESIAN_POINT('',(-12.579018989969,-3.8625,-49.5000000000031));
#3248=CARTESIAN_POINT('Origin',(9.63453261710187,-7.7625,-49.5000000000031));
#3249=CARTESIAN_POINT('',(9.63453261710187,-7.7625,-49.5000000000031));
#3250=CARTESIAN_POINT('',(-9.63453261710188,-7.7625,-49.5000000000031));
#3251=CARTESIAN_POINT('Origin',(-9.63453261710189,-5.5625,-49.5000000000031));
#3252=CARTESIAN_POINT('',(-11.5397885054277,-4.4625,-49.5000000000031));
#3253=CARTESIAN_POINT('Origin',(-11.5397885054277,-4.4625,-49.5000000000031));
#3254=CARTESIAN_POINT('',(-1.90525588832577,12.225,-49.5000000000031));
#3255=CARTESIAN_POINT('Origin',(-9.63453261710189,-5.5625,-49.5000000000031));
#3256=CARTESIAN_POINT('',(-9.63453261710188,-8.9625,-49.5000000000031));
#3257=CARTESIAN_POINT('Origin',(-9.63453261710188,-8.9625,-49.5000000000031));
#3258=CARTESIAN_POINT('',(9.63453261710187,-8.9625,-49.5000000000031));
#3259=CARTESIAN_POINT('Origin',(9.63453261710186,-5.5625,-49.5000000000031));
#3260=CARTESIAN_POINT('Origin',(-3.31679128605811E-15,11.125,-49.5000000000031));
#3261=CARTESIAN_POINT('',(1.90525588832576,12.225,-49.5000000000031));
#3262=CARTESIAN_POINT('Origin',(1.90525588832576,12.225,-49.5000000000031));
#3263=CARTESIAN_POINT('',(11.5397885054276,-4.46249999999999,-49.5000000000031));
#3264=CARTESIAN_POINT('Origin',(9.63453261710186,-5.5625,-49.5000000000031));
#3265=CARTESIAN_POINT('Origin',(6.86325132499167,-3.9625,-56.0250000000017));
#3266=CARTESIAN_POINT('',(8.41325132499167,-3.9625,-52.));
#3267=CARTESIAN_POINT('Origin',(6.86325132499167,-3.9625,-52.));
#3268=CARTESIAN_POINT('',(8.41325132499167,-3.9625,-56.0250000000017));
#3269=CARTESIAN_POINT('Origin',(6.86325132499167,-3.9625,-52.));
#3270=CARTESIAN_POINT('Origin',(-6.86325132499168,-3.9625,-56.0250000000017));
#3271=CARTESIAN_POINT('',(-5.31325132499168,-3.9625,-52.));
#3272=CARTESIAN_POINT('Origin',(-6.86325132499168,-3.9625,-52.));
#3273=CARTESIAN_POINT('',(-5.31325132499168,-3.9625,-56.0250000000017));
#3274=CARTESIAN_POINT('Origin',(-6.86325132499168,-3.9625,-52.));
#3275=CARTESIAN_POINT('Origin',(-2.22044604925031E-15,7.925,-56.0250000000017));
#3276=CARTESIAN_POINT('',(1.55,7.925,-52.));
#3277=CARTESIAN_POINT('Origin',(-2.22044604925031E-15,7.925,-52.));
#3278=CARTESIAN_POINT('',(1.55,7.925,-56.0250000000017));
#3279=CARTESIAN_POINT('Origin',(-2.22044604925031E-15,7.925,-52.));
#3280=CARTESIAN_POINT('Origin',(26.,-27.,-56.0250000000017));
#3281=CARTESIAN_POINT('',(27.55,-27.,-52.));
#3282=CARTESIAN_POINT('Origin',(26.,-27.,-52.));
#3283=CARTESIAN_POINT('',(27.55,-27.,-56.0250000000017));
#3284=CARTESIAN_POINT('Origin',(26.,-27.,-52.));
#3285=CARTESIAN_POINT('',(28.75,-27.,-52.));
#3286=CARTESIAN_POINT('Origin',(26.,-27.,-52.));
#3287=CARTESIAN_POINT('Origin',(-26.,27.,-56.0250000000018));
#3288=CARTESIAN_POINT('',(-24.45,27.,-52.));
#3289=CARTESIAN_POINT('Origin',(-26.,27.,-52.));
#3290=CARTESIAN_POINT('',(-24.45,27.,-56.0250000000018));
#3291=CARTESIAN_POINT('Origin',(-26.,27.,-52.));
#3292=CARTESIAN_POINT('',(-23.25,27.,-52.));
#3293=CARTESIAN_POINT('Origin',(-26.,27.,-52.));
#3294=CARTESIAN_POINT('Origin',(26.,27.,-56.0250000000017));
#3295=CARTESIAN_POINT('',(27.55,27.,-52.));
#3296=CARTESIAN_POINT('Origin',(26.,27.,-52.));
#3297=CARTESIAN_POINT('',(27.55,27.,-56.0250000000017));
#3298=CARTESIAN_POINT('Origin',(26.,27.,-52.));
#3299=CARTESIAN_POINT('',(28.75,27.,-52.));
#3300=CARTESIAN_POINT('Origin',(26.,27.,-52.));
#3301=CARTESIAN_POINT('Origin',(-26.,-27.,-56.0250000000018));
#3302=CARTESIAN_POINT('',(-24.45,-27.,-52.));
#3303=CARTESIAN_POINT('Origin',(-26.,-27.,-52.));
#3304=CARTESIAN_POINT('',(-24.45,-27.,-56.0250000000018));
#3305=CARTESIAN_POINT('Origin',(-26.,-27.,-52.));
#3306=CARTESIAN_POINT('',(-23.25,-27.,-52.));
#3307=CARTESIAN_POINT('Origin',(-26.,-27.,-52.));
#3308=CARTESIAN_POINT('Origin',(26.,-27.,-58.));
#3309=CARTESIAN_POINT('Ctrl Pts',(26.5756570513275,-29.6890739966124,-63.9999999871463));
#3310=CARTESIAN_POINT('Ctrl Pts',(26.782970899545,-29.6446937829349,-63.9999938138169));
#3311=CARTESIAN_POINT('Ctrl Pts',(26.9844719936546,-29.576486612295,-63.9978596110373));
#3312=CARTESIAN_POINT('Ctrl Pts',(27.3292945922728,-29.4133332764481,-63.994247173841));
#3313=CARTESIAN_POINT('Ctrl Pts',(27.475418588072,-29.3268751557589,-63.9927138878751));
#3314=CARTESIAN_POINT('Ctrl Pts',(27.662455708324,-29.19146528237,-63.9915429959609));
#3315=CARTESIAN_POINT('Ctrl Pts',(27.7110270355384,-29.1537561702769,-63.991315471267));
#3316=CARTESIAN_POINT('Ctrl Pts',(27.7775331465836,-29.0984522815354,-63.9911297636523));
#3317=CARTESIAN_POINT('Ctrl Pts',(27.7965525351948,-29.0821923676318,-63.9910917730252));
#3318=CARTESIAN_POINT('Ctrl Pts',(27.8286471569033,-29.0539871147969,-63.9910542920869));
#3319=CARTESIAN_POINT('Ctrl Pts',(27.84183368214,-29.0421709477333,-63.9910467884325));
#3320=CARTESIAN_POINT('Ctrl Pts',(27.868139548241,-29.0181367596314,-63.991047905501));
#3321=CARTESIAN_POINT('Ctrl Pts',(27.8812553415877,-29.0059161726617,-63.9910567283792));
#3322=CARTESIAN_POINT('Ctrl Pts',(27.9131771870918,-28.9755846402503,-63.9910986015276));
#3323=CARTESIAN_POINT('Ctrl Pts',(27.9318465338309,-28.9573325181867,-63.9911408823595));
#3324=CARTESIAN_POINT('Ctrl Pts',(27.9983926308316,-28.8903939079009,-63.9913554773849));
#3325=CARTESIAN_POINT('Ctrl Pts',(28.0447109490606,-28.8401954330648,-63.9916284317481));
#3326=CARTESIAN_POINT('Ctrl Pts',(28.1999125046848,-28.6588896802421,-63.9929352257133));
#3327=CARTESIAN_POINT('Ctrl Pts',(28.2984372772427,-28.5194438011673,-63.9945299972288));
#3328=CARTESIAN_POINT('Ctrl Pts',(28.4842368603887,-28.1966261058465,-63.9980561097515));
#3329=CARTESIAN_POINT('Ctrl Pts',(28.565428357832,-28.0108951614196,-64.));
#3330=CARTESIAN_POINT('Ctrl Pts',(28.6255325326677,-27.8179724444647,-64.));
#3331=CARTESIAN_POINT('',(28.75,-27.,-58.));
#3332=CARTESIAN_POINT('Origin',(-26.,27.,-58.));
#3333=CARTESIAN_POINT('Ctrl Pts',(-26.5756570512453,29.68907399663,-63.9999997337128));
#3334=CARTESIAN_POINT('Ctrl Pts',(-26.7836649752294,29.644545200358,-63.9999714618126));
#3335=CARTESIAN_POINT('Ctrl Pts',(-26.985818831834,29.5760301704853,-63.9977934595347));
#3336=CARTESIAN_POINT('Ctrl Pts',(-27.3309958430874,29.4123828766631,-63.9941308389358));
#3337=CARTESIAN_POINT('Ctrl Pts',(-27.4769066847889,29.3259179229297,-63.9925859078416));
#3338=CARTESIAN_POINT('Ctrl Pts',(-27.6634580965322,29.1906954158485,-63.9914103819244));
#3339=CARTESIAN_POINT('Ctrl Pts',(-27.7117576653395,29.153166280262,-63.9911828169852));
#3340=CARTESIAN_POINT('Ctrl Pts',(-27.7778849040405,29.0981524607022,-63.9909971897132));
#3341=CARTESIAN_POINT('Ctrl Pts',(-27.7967864522016,29.0819886954542,-63.9909592400096));
#3342=CARTESIAN_POINT('Ctrl Pts',(-27.828680214457,29.0539567105238,-63.990921803323));
#3343=CARTESIAN_POINT('Ctrl Pts',(-27.8417824575875,29.0422161674481,-63.9909143068685));
#3344=CARTESIAN_POINT('Ctrl Pts',(-27.8679186307555,29.0183401837594,-63.9909154088395));
#3345=CARTESIAN_POINT('Ctrl Pts',(-27.880949116369,29.0062022654437,-63.9909242052334));
#3346=CARTESIAN_POINT('Ctrl Pts',(-27.9126608659939,28.9760821611924,-63.9909659626547));
#3347=CARTESIAN_POINT('Ctrl Pts',(-27.9312073861365,28.9579607567213,-63.9910081252553));
#3348=CARTESIAN_POINT('Ctrl Pts',(-27.9973068050659,28.891523438283,-63.9912220957445));
#3349=CARTESIAN_POINT('Ctrl Pts',(-28.0433244812379,28.8417166773566,-63.9914942114993));
#3350=CARTESIAN_POINT('Ctrl Pts',(-28.1982026511963,28.661127743205,-63.992803245391));
#3351=CARTESIAN_POINT('Ctrl Pts',(-28.2967231609669,28.5220040476255,-63.9944081458703));
#3352=CARTESIAN_POINT('Ctrl Pts',(-28.4834706115585,28.1984484798428,-63.9979904708628));
#3353=CARTESIAN_POINT('Ctrl Pts',(-28.5653014354382,28.011492905984,-63.999985148797));
#3354=CARTESIAN_POINT('Ctrl Pts',(-28.6257605008621,27.8172403514955,-63.9999999206427));
#3355=CARTESIAN_POINT('',(-23.25,27.,-58.));
#3356=CARTESIAN_POINT('Origin',(26.,27.,-58.));
#3357=CARTESIAN_POINT('Ctrl Pts',(28.6257604744496,27.8172404363578,-63.9999999915143));
#3358=CARTESIAN_POINT('Ctrl Pts',(28.5625642324857,28.0202874062582,-63.9999949441597));
#3359=CARTESIAN_POINT('Ctrl Pts',(28.4760262115743,28.2153337611974,-63.9978346792703));
#3360=CARTESIAN_POINT('Ctrl Pts',(28.2817874111505,28.5442127978646,-63.9941925558833));
#3361=CARTESIAN_POINT('Ctrl Pts',(28.1824400908964,28.681698146209,-63.9926526774563));
#3362=CARTESIAN_POINT('Ctrl Pts',(28.0307786117368,28.8553141330855,-63.9914798443059));
#3363=CARTESIAN_POINT('Ctrl Pts',(27.9889493119013,28.9000876370177,-63.9912525376424));
#3364=CARTESIAN_POINT('Ctrl Pts',(27.928098578572,28.9610082413523,-63.991067396184));
#3365=CARTESIAN_POINT('Ctrl Pts',(27.9103006154916,28.978350073223,-63.9910296013966));
#3366=CARTESIAN_POINT('Ctrl Pts',(27.8795310728736,29.0075286198622,-63.9909923044163));
#3367=CARTESIAN_POINT('Ctrl Pts',(27.8666767470035,29.0194866020549,-63.99098481509));
#3368=CARTESIAN_POINT('Ctrl Pts',(27.8405956944079,29.0432872144048,-63.9909858057822));
#3369=CARTESIAN_POINT('Ctrl Pts',(27.8273670560104,29.0551264664657,-63.9909944655479));
#3370=CARTESIAN_POINT('Ctrl Pts',(27.7946216508371,29.0838665070773,-63.9910356607787));
#3371=CARTESIAN_POINT('Ctrl Pts',(27.7749798232433,29.1006220776634,-63.9910772653849));
#3372=CARTESIAN_POINT('Ctrl Pts',(27.7032766867652,29.1600650012394,-63.9912880800274));
#3373=CARTESIAN_POINT('Ctrl Pts',(27.6498891963572,29.2011128525461,-63.9915557778313));
#3374=CARTESIAN_POINT('Ctrl Pts',(27.4564996449121,29.3388109500122,-63.9928498372186));
#3375=CARTESIAN_POINT('Ctrl Pts',(27.3091042299439,29.4243900987499,-63.9944441622337));
#3376=CARTESIAN_POINT('Ctrl Pts',(26.9696366823331,29.5814555097161,-63.9980101246488));
#3377=CARTESIAN_POINT('Ctrl Pts',(26.7755721274256,29.6462388085602,-64.));
#3378=CARTESIAN_POINT('Ctrl Pts',(26.5761573068849,29.6889668569402,-64.));
#3379=CARTESIAN_POINT('',(28.75,27.,-58.));
#3380=CARTESIAN_POINT('Origin',(-26.,-27.,-58.));
#3381=CARTESIAN_POINT('Ctrl Pts',(-28.6253434227954,-27.8185792034892,-64.));
#3382=CARTESIAN_POINT('Ctrl Pts',(-28.5633664723128,-28.0173513914715,-64.));
#3383=CARTESIAN_POINT('Ctrl Pts',(-28.4790085173685,-28.2084643816038,-63.9979371976993));
#3384=CARTESIAN_POINT('Ctrl Pts',(-28.2882836555916,-28.5346036996313,-63.9943525588726));
#3385=CARTESIAN_POINT('Ctrl Pts',(-28.1893287105406,-28.6727512895397,-63.9927942155817));
#3386=CARTESIAN_POINT('Ctrl Pts',(-28.0362219134423,-28.8494388391395,-63.9915681284136));
#3387=CARTESIAN_POINT('Ctrl Pts',(-27.9924816731059,-28.8964811075661,-63.9913224222426));
#3388=CARTESIAN_POINT('Ctrl Pts',(-27.9292058929725,-28.959925809363,-63.9911253337869));
#3389=CARTESIAN_POINT('Ctrl Pts',(-27.9110296896465,-28.9776526701167,-63.991085708286));
#3390=CARTESIAN_POINT('Ctrl Pts',(-27.8797603905403,-29.0073152705935,-63.9910465371245));
#3391=CARTESIAN_POINT('Ctrl Pts',(-27.8667927425306,-29.0193807412383,-63.9910384911424));
#3392=CARTESIAN_POINT('Ctrl Pts',(-27.8406176218787,-29.0432672117564,-63.9910385684797));
#3393=CARTESIAN_POINT('Ctrl Pts',(-27.8274106451032,-29.0550874586067,-63.9910467022917));
#3394=CARTESIAN_POINT('Ctrl Pts',(-27.7949671788373,-29.0835643164704,-63.9910861487325));
#3395=CARTESIAN_POINT('Ctrl Pts',(-27.77561206638,-29.1000831462174,-63.9911260249354));
#3396=CARTESIAN_POINT('Ctrl Pts',(-27.7063379971283,-29.1575634633517,-63.9913247127877));
#3397=CARTESIAN_POINT('Ctrl Pts',(-27.6552096519057,-29.1970321700422,-63.9915728496417));
#3398=CARTESIAN_POINT('Ctrl Pts',(-27.4649558114189,-29.3334854384042,-63.9928059296641));
#3399=CARTESIAN_POINT('Ctrl Pts',(-27.3183355264445,-29.4193459404427,-63.9943667942025));
#3400=CARTESIAN_POINT('Ctrl Pts',(-26.9765811471891,-29.5791354041723,-63.9979465944872));
#3401=CARTESIAN_POINT('Ctrl Pts',(-26.7790623953894,-29.64550453792,-64.));
#3402=CARTESIAN_POINT('Ctrl Pts',(-26.5759853195004,-29.689003702437,-64.));
#3403=CARTESIAN_POINT('',(-23.25,-27.,-58.));
#3404=CARTESIAN_POINT('Ctrl Pts',(-39.5,-8.88178419700125E-15,-58.));
#3405=CARTESIAN_POINT('Ctrl Pts',(-39.5,2.95123672085015,-58.));
#3406=CARTESIAN_POINT('Ctrl Pts',(-39.5,5.91910649843522,-58.));
#3407=CARTESIAN_POINT('Ctrl Pts',(-39.5,11.0760383269591,-58.));
#3408=CARTESIAN_POINT('Ctrl Pts',(-39.5,13.282463662411,-58.));
#3409=CARTESIAN_POINT('Ctrl Pts',(-39.5,17.2992020960104,-58.));
#3410=CARTESIAN_POINT('Ctrl Pts',(-39.0870332441534,20.9104598921212,-58.));
#3411=CARTESIAN_POINT('Ctrl Pts',(-37.6100912175604,25.1344273728771,-58.));
#3412=CARTESIAN_POINT('Ctrl Pts',(-35.8596186385893,28.3020967158594,-58.));
#3413=CARTESIAN_POINT('Ctrl Pts',(-32.7410776146699,32.6971393568397,-58.));
#3414=CARTESIAN_POINT('Ctrl Pts',(-26.2703858198151,37.8663896085148,-58.));
#3415=CARTESIAN_POINT('Ctrl Pts',(-19.0724421634998,39.5,-58.));
#3416=CARTESIAN_POINT('Ctrl Pts',(-11.0692585247101,39.5,-58.));
#3417=CARTESIAN_POINT('Ctrl Pts',(-3.34463236917092,39.5,-58.));
#3418=CARTESIAN_POINT('Ctrl Pts',(7.00151259604895,39.5,-58.));
#3419=CARTESIAN_POINT('Ctrl Pts',(12.9160912727556,39.5,-58.));
#3420=CARTESIAN_POINT('Ctrl Pts',(17.2900445431491,39.5,-58.));
#3421=CARTESIAN_POINT('Ctrl Pts',(20.844514986,39.1079268302363,-58.));
#3422=CARTESIAN_POINT('Ctrl Pts',(26.0063667389483,37.304453059086,-58.));
#3423=CARTESIAN_POINT('Ctrl Pts',(30.5821460956261,34.4287841822795,-58.));
#3424=CARTESIAN_POINT('Ctrl Pts',(34.4404726352067,30.5709493298952,-58.));
#3425=CARTESIAN_POINT('Ctrl Pts',(37.3135470289085,25.9873629131734,-58.));
#3426=CARTESIAN_POINT('Ctrl Pts',(39.1143654117621,20.8248864190046,-58.));
#3427=CARTESIAN_POINT('Ctrl Pts',(39.5,17.2819407155514,-58.));
#3428=CARTESIAN_POINT('Ctrl Pts',(39.5,14.0305252314566,-58.));
#3429=CARTESIAN_POINT('Ctrl Pts',(39.5,11.7239523851986,-58.));
#3430=CARTESIAN_POINT('Ctrl Pts',(39.5,7.32122893033851,-58.));
#3431=CARTESIAN_POINT('Ctrl Pts',(39.5,1.38965286684767,-58.));
#3432=CARTESIAN_POINT('Ctrl Pts',(39.5,-4.77161395196589,-58.));
#3433=CARTESIAN_POINT('Ctrl Pts',(39.5,-10.6727772810249,-58.));
#3434=CARTESIAN_POINT('Ctrl Pts',(39.5,-13.6131079863586,-58.));
#3435=CARTESIAN_POINT('Ctrl Pts',(39.5,-19.0679956203704,-58.));
#3436=CARTESIAN_POINT('Ctrl Pts',(38.4710616668988,-23.5785539492564,-58.));
#3437=CARTESIAN_POINT('Ctrl Pts',(35.8709281955983,-28.2818552341324,-58.));
#3438=CARTESIAN_POINT('Ctrl Pts',(33.7764918987858,-31.2357854518726,-58.));
#3439=CARTESIAN_POINT('Ctrl Pts',(30.6093394137625,-34.4067006388846,-58.));
#3440=CARTESIAN_POINT('Ctrl Pts',(25.9876095690467,-37.3115816330939,-58.));
#3441=CARTESIAN_POINT('Ctrl Pts',(20.9231735693806,-39.0836458594942,-58.));
#3442=CARTESIAN_POINT('Ctrl Pts',(17.3043840103939,-39.5,-58.));
#3443=CARTESIAN_POINT('Ctrl Pts',(14.0075471228196,-39.5,-58.));
#3444=CARTESIAN_POINT('Ctrl Pts',(11.0661576120857,-39.5,-58.));
#3445=CARTESIAN_POINT('Ctrl Pts',(5.1570821973606,-39.5,-58.));
#3446=CARTESIAN_POINT('Ctrl Pts',(-3.68656077606417,-39.5,-58.));
#3447=CARTESIAN_POINT('Ctrl Pts',(-11.077407697563,-39.5,-58.));
#3448=CARTESIAN_POINT('Ctrl Pts',(-17.2876452324386,-39.5,-58.));
#3449=CARTESIAN_POINT('Ctrl Pts',(-20.8687994533065,-39.1025825200376,-58.));
#3450=CARTESIAN_POINT('Ctrl Pts',(-25.1742332407342,-37.59307436436,-58.));
#3451=CARTESIAN_POINT('Ctrl Pts',(-28.3056414032506,-35.8588753121985,-58.));
#3452=CARTESIAN_POINT('Ctrl Pts',(-30.1761311554997,-34.5288079894957,-58.));
#3453=CARTESIAN_POINT('Ctrl Pts',(-32.9252192344952,-32.1930121413657,-58.));
#3454=CARTESIAN_POINT('Ctrl Pts',(-35.250828189097,-29.4191828291339,-58.));
#3455=CARTESIAN_POINT('Ctrl Pts',(-37.6375175658068,-25.0771809196855,-58.));
#3456=CARTESIAN_POINT('Ctrl Pts',(-39.1085334398165,-20.8112541222556,-58.));
#3457=CARTESIAN_POINT('Ctrl Pts',(-39.5,-17.2788749650244,-58.));
#3458=CARTESIAN_POINT('Ctrl Pts',(-39.5,-15.3981386697897,-58.));
#3459=CARTESIAN_POINT('Ctrl Pts',(-39.5,-13.210907497267,-58.));
#3460=CARTESIAN_POINT('Ctrl Pts',(-39.5,-8.0893513539356,-58.));
#3461=CARTESIAN_POINT('Ctrl Pts',(-39.5,-2.93273169836856,-58.));
#3462=CARTESIAN_POINT('Ctrl Pts',(-39.5,-7.7715611723761E-15,-58.));
#3463=CARTESIAN_POINT('Ctrl Pts',(-39.5,-8.88178419700125E-15,-58.8975979010256));
#3464=CARTESIAN_POINT('Ctrl Pts',(-39.5,2.95123672085015,-58.8975979010256));
#3465=CARTESIAN_POINT('Ctrl Pts',(-39.5,5.91910649843522,-58.8975979010256));
#3466=CARTESIAN_POINT('Ctrl Pts',(-39.5,11.0760383269591,-58.8975979010256));
#3467=CARTESIAN_POINT('Ctrl Pts',(-39.5,13.282463662411,-58.8975979010256));
#3468=CARTESIAN_POINT('Ctrl Pts',(-39.5,17.2992020960104,-58.8975979010256));
#3469=CARTESIAN_POINT('Ctrl Pts',(-39.0870332441534,20.9104598921212,-58.8975979010256));
#3470=CARTESIAN_POINT('Ctrl Pts',(-37.6100912175604,25.1344273728771,-58.8975979010256));
#3471=CARTESIAN_POINT('Ctrl Pts',(-35.8596186385893,28.3020967158594,-58.8975979010256));
#3472=CARTESIAN_POINT('Ctrl Pts',(-32.7410776146699,32.6971393568397,-58.8975979010256));
#3473=CARTESIAN_POINT('Ctrl Pts',(-26.2703858198151,37.8663896085148,-58.8975979010256));
#3474=CARTESIAN_POINT('Ctrl Pts',(-19.0724421634998,39.5,-58.8975979010257));
#3475=CARTESIAN_POINT('Ctrl Pts',(-11.0692585247101,39.5,-58.8975979010257));
#3476=CARTESIAN_POINT('Ctrl Pts',(-3.34463236917092,39.5,-58.8975979010257));
#3477=CARTESIAN_POINT('Ctrl Pts',(7.00151259604895,39.5,-58.8975979010256));
#3478=CARTESIAN_POINT('Ctrl Pts',(12.9160912727556,39.5,-58.8975979010256));
#3479=CARTESIAN_POINT('Ctrl Pts',(17.2900445431491,39.5,-58.8975979010256));
#3480=CARTESIAN_POINT('Ctrl Pts',(20.844514986,39.1079268302363,-58.8975979010257));
#3481=CARTESIAN_POINT('Ctrl Pts',(26.0063667389483,37.304453059086,-58.8975979010257));
#3482=CARTESIAN_POINT('Ctrl Pts',(30.5821460956261,34.4287841822795,-58.8975979010257));
#3483=CARTESIAN_POINT('Ctrl Pts',(34.4404726352067,30.5709493298952,-58.8975979010257));
#3484=CARTESIAN_POINT('Ctrl Pts',(37.3135470289085,25.9873629131734,-58.8975979010257));
#3485=CARTESIAN_POINT('Ctrl Pts',(39.1143654117621,20.8248864190046,-58.8975979010257));
#3486=CARTESIAN_POINT('Ctrl Pts',(39.5,17.2819407155514,-58.8975979010256));
#3487=CARTESIAN_POINT('Ctrl Pts',(39.5,14.0305252314566,-58.8975979010257));
#3488=CARTESIAN_POINT('Ctrl Pts',(39.5,11.7239523851986,-58.8975979010257));
#3489=CARTESIAN_POINT('Ctrl Pts',(39.5,7.32122893033851,-58.8975979010257));
#3490=CARTESIAN_POINT('Ctrl Pts',(39.5,1.38965286684767,-58.8975979010256));
#3491=CARTESIAN_POINT('Ctrl Pts',(39.5,-4.77161395196589,-58.8975979010256));
#3492=CARTESIAN_POINT('Ctrl Pts',(39.5,-10.6727772810249,-58.8975979010256));
#3493=CARTESIAN_POINT('Ctrl Pts',(39.5,-13.6131079863586,-58.8975979010256));
#3494=CARTESIAN_POINT('Ctrl Pts',(39.5,-19.0679956203704,-58.8975979010256));
#3495=CARTESIAN_POINT('Ctrl Pts',(38.4710616668988,-23.5785539492564,-58.8975979010257));
#3496=CARTESIAN_POINT('Ctrl Pts',(35.8709281955983,-28.2818552341324,-58.8975979010257));
#3497=CARTESIAN_POINT('Ctrl Pts',(33.7764918987858,-31.2357854518726,-58.8975979010257));
#3498=CARTESIAN_POINT('Ctrl Pts',(30.6093394137625,-34.4067006388846,-58.8975979010257));
#3499=CARTESIAN_POINT('Ctrl Pts',(25.9876095690467,-37.3115816330939,-58.8975979010257));
#3500=CARTESIAN_POINT('Ctrl Pts',(20.9231735693806,-39.0836458594942,-58.8975979010256));
#3501=CARTESIAN_POINT('Ctrl Pts',(17.3043840103939,-39.5,-58.8975979010256));
#3502=CARTESIAN_POINT('Ctrl Pts',(14.0075471228196,-39.5,-58.8975979010256));
#3503=CARTESIAN_POINT('Ctrl Pts',(11.0661576120857,-39.5,-58.8975979010257));
#3504=CARTESIAN_POINT('Ctrl Pts',(5.1570821973606,-39.5,-58.8975979010257));
#3505=CARTESIAN_POINT('Ctrl Pts',(-3.68656077606417,-39.5,-58.8975979010256));
#3506=CARTESIAN_POINT('Ctrl Pts',(-11.077407697563,-39.5,-58.8975979010256));
#3507=CARTESIAN_POINT('Ctrl Pts',(-17.2876452324386,-39.5,-58.8975979010256));
#3508=CARTESIAN_POINT('Ctrl Pts',(-20.8687994533065,-39.1025825200376,-58.8975979010256));
#3509=CARTESIAN_POINT('Ctrl Pts',(-25.1742332407342,-37.59307436436,-58.8975979010257));
#3510=CARTESIAN_POINT('Ctrl Pts',(-28.3056414032506,-35.8588753121985,-58.8975979010257));
#3511=CARTESIAN_POINT('Ctrl Pts',(-30.1761311554997,-34.5288079894957,-58.8975979010257));
#3512=CARTESIAN_POINT('Ctrl Pts',(-32.9252192344952,-32.1930121413657,-58.8975979010257));
#3513=CARTESIAN_POINT('Ctrl Pts',(-35.250828189097,-29.4191828291339,-58.8975979010257));
#3514=CARTESIAN_POINT('Ctrl Pts',(-37.6375175658068,-25.0771809196855,-58.8975979010257));
#3515=CARTESIAN_POINT('Ctrl Pts',(-39.1085334398165,-20.8112541222556,-58.8975979010257));
#3516=CARTESIAN_POINT('Ctrl Pts',(-39.5,-17.2788749650244,-58.8975979010256));
#3517=CARTESIAN_POINT('Ctrl Pts',(-39.5,-15.3981386697897,-58.8975979010257));
#3518=CARTESIAN_POINT('Ctrl Pts',(-39.5,-13.210907497267,-58.8975979010256));
#3519=CARTESIAN_POINT('Ctrl Pts',(-39.5,-8.0893513539356,-58.8975979010257));
#3520=CARTESIAN_POINT('Ctrl Pts',(-39.5,-2.93273169836856,-58.8975979010257));
#3521=CARTESIAN_POINT('Ctrl Pts',(-39.5,-7.7715611723761E-15,-58.8975979010257));
#3522=CARTESIAN_POINT('Ctrl Pts',(-39.0893289440802,-8.88178419700125E-15,
-60.689435744611));
#3523=CARTESIAN_POINT('Ctrl Pts',(-39.0893289440802,2.95123672085015,-60.689435744611));
#3524=CARTESIAN_POINT('Ctrl Pts',(-39.0893289440802,5.91910649843521,-60.689435744611));
#3525=CARTESIAN_POINT('Ctrl Pts',(-39.0893289440802,11.0760383269591,-60.689435744611));
#3526=CARTESIAN_POINT('Ctrl Pts',(-39.0893289440802,13.282463662411,-60.689435744611));
#3527=CARTESIAN_POINT('Ctrl Pts',(-39.0895128695471,17.2687011216465,-60.689435744611));
#3528=CARTESIAN_POINT('Ctrl Pts',(-38.6833105453608,20.8177879541535,-60.689435744611));
#3529=CARTESIAN_POINT('Ctrl Pts',(-37.231832097379,24.9695907143813,-60.689435744611));
#3530=CARTESIAN_POINT('Ctrl Pts',(-35.5111481526624,28.0831739288438,-60.689435744611));
#3531=CARTESIAN_POINT('Ctrl Pts',(-32.4462422636682,32.4028915287559,-60.689435744611));
#3532=CARTESIAN_POINT('Ctrl Pts',(-26.0858311384496,37.4837990428824,-60.689435744611));
#3533=CARTESIAN_POINT('Ctrl Pts',(-19.0114881572435,39.0895191111918,-60.689435744611));
#3534=CARTESIAN_POINT('Ctrl Pts',(-11.0692585247101,39.0893289440802,-60.689435744611));
#3535=CARTESIAN_POINT('Ctrl Pts',(-3.34463236917092,39.0893289440802,-60.689435744611));
#3536=CARTESIAN_POINT('Ctrl Pts',(7.00151259604896,39.0893289440802,-60.689435744611));
#3537=CARTESIAN_POINT('Ctrl Pts',(12.9160912727556,39.0893289440802,-60.689435744611));
#3538=CARTESIAN_POINT('Ctrl Pts',(17.259514512911,39.0890603593436,-60.689435744611));
#3539=CARTESIAN_POINT('Ctrl Pts',(20.7530786796647,38.7040413840588,-60.689435744611));
#3540=CARTESIAN_POINT('Ctrl Pts',(25.82670425602,36.9312157021965,-60.6894357446111));
#3541=CARTESIAN_POINT('Ctrl Pts',(30.3240522534437,34.1049094372803,-60.6894357446111));
#3542=CARTESIAN_POINT('Ctrl Pts',(34.1164421208476,30.3129312953941,-60.6894357446111));
#3543=CARTESIAN_POINT('Ctrl Pts',(36.9399730701166,25.8081765476095,-60.6894357446111));
#3544=CARTESIAN_POINT('Ctrl Pts',(38.7103763911933,20.7336747349116,-60.6894357446111));
#3545=CARTESIAN_POINT('Ctrl Pts',(39.0888995122774,17.2518584357489,-60.689435744611));
#3546=CARTESIAN_POINT('Ctrl Pts',(39.0893289440802,14.0305252314566,-60.689435744611));
#3547=CARTESIAN_POINT('Ctrl Pts',(39.0893289440802,11.7239523851986,-60.6894357446111));
#3548=CARTESIAN_POINT('Ctrl Pts',(39.0893289440802,7.32122893033851,-60.6894357446111));
#3549=CARTESIAN_POINT('Ctrl Pts',(39.0893289440802,1.38965286684767,-60.689435744611));
#3550=CARTESIAN_POINT('Ctrl Pts',(39.0893289440802,-4.7716139519659,-60.689435744611));
#3551=CARTESIAN_POINT('Ctrl Pts',(39.0893289440802,-10.6727772810249,-60.689435744611));
#3552=CARTESIAN_POINT('Ctrl Pts',(39.0893289440802,-13.6131079863586,-60.689435744611));
#3553=CARTESIAN_POINT('Ctrl Pts',(39.0900482531033,-19.0069783993694,-60.689435744611));
#3554=CARTESIAN_POINT('Ctrl Pts',(38.0779265599275,-23.4408625957633,-60.6894357446111));
#3555=CARTESIAN_POINT('Ctrl Pts',(35.5225549246382,-28.0629105996494,-60.6894357446111));
#3556=CARTESIAN_POINT('Ctrl Pts',(33.4637771990208,-30.9665982744438,-60.6894357446111));
#3557=CARTESIAN_POINT('Ctrl Pts',(30.3508766900248,-34.0830937943986,-60.6894357446111));
#3558=CARTESIAN_POINT('Ctrl Pts',(25.8084061354752,-36.9384381188681,-60.6894357446111));
#3559=CARTESIAN_POINT('Ctrl Pts',(20.8301241713455,-38.6799824054032,-60.689435744611));
#3560=CARTESIAN_POINT('Ctrl Pts',(17.2738254233619,-39.0895508071533,-60.689435744611));
#3561=CARTESIAN_POINT('Ctrl Pts',(14.0075471228196,-39.0893289440802,-60.689435744611));
#3562=CARTESIAN_POINT('Ctrl Pts',(11.0661576120857,-39.0893289440802,-60.689435744611));
#3563=CARTESIAN_POINT('Ctrl Pts',(5.1570821973606,-39.0893289440802,-60.689435744611));
#3564=CARTESIAN_POINT('Ctrl Pts',(-3.68656077606417,-39.0893289440802,-60.689435744611));
#3565=CARTESIAN_POINT('Ctrl Pts',(-11.077407697563,-39.0893289440802,-60.689435744611));
#3566=CARTESIAN_POINT('Ctrl Pts',(-17.2566521274417,-39.0892309992176,-60.689435744611));
#3567=CARTESIAN_POINT('Ctrl Pts',(-20.7771719608803,-38.6988353106896,-60.689435744611));
#3568=CARTESIAN_POINT('Ctrl Pts',(-25.0087333714676,-37.2148797623115,-60.6894357446111));
#3569=CARTESIAN_POINT('Ctrl Pts',(-28.086363697145,-35.5105707404833,-60.689435744611));
#3570=CARTESIAN_POINT('Ctrl Pts',(-29.9249685780669,-34.2031743725536,-60.6894357446111));
#3571=CARTESIAN_POINT('Ctrl Pts',(-32.6270512572646,-31.9073398576832,-60.689435744611));
#3572=CARTESIAN_POINT('Ctrl Pts',(-34.9126846040511,-29.1811536347125,-60.689435744611));
#3573=CARTESIAN_POINT('Ctrl Pts',(-37.2586184972768,-24.9134528883453,-60.689435744611));
#3574=CARTESIAN_POINT('Ctrl Pts',(-38.7046284409022,-20.720185668434,-60.689435744611));
#3575=CARTESIAN_POINT('Ctrl Pts',(-39.0891983464825,-17.2486861971544,-60.689435744611));
#3576=CARTESIAN_POINT('Ctrl Pts',(-39.0893289440802,-15.3981386697897,-60.689435744611));
#3577=CARTESIAN_POINT('Ctrl Pts',(-39.0893289440802,-13.210907497267,-60.689435744611));
#3578=CARTESIAN_POINT('Ctrl Pts',(-39.0893289440802,-8.0893513539356,-60.689435744611));
#3579=CARTESIAN_POINT('Ctrl Pts',(-39.0893289440802,-2.93273169836856,-60.689435744611));
#3580=CARTESIAN_POINT('Ctrl Pts',(-39.0893289440802,-7.77156117237609E-15,
-60.689435744611));
#3581=CARTESIAN_POINT('Ctrl Pts',(-37.0820575208516,-8.88178419700125E-15,
-63.212881652528));
#3582=CARTESIAN_POINT('Ctrl Pts',(-37.0820575208516,2.95123672085015,-63.212881652528));
#3583=CARTESIAN_POINT('Ctrl Pts',(-37.0820575208516,5.91910649843522,-63.212881652528));
#3584=CARTESIAN_POINT('Ctrl Pts',(-37.0820575208516,11.0760383269591,-63.212881652528));
#3585=CARTESIAN_POINT('Ctrl Pts',(-37.0820575208516,13.282463662411,-63.212881652528));
#3586=CARTESIAN_POINT('Ctrl Pts',(-37.0820445801137,17.1179166954207,-63.212881652528));
#3587=CARTESIAN_POINT('Ctrl Pts',(-36.7107044809175,20.3653754959971,-63.212881652528));
#3588=CARTESIAN_POINT('Ctrl Pts',(-35.3825473718972,24.163780438178,-63.212881652528));
#3589=CARTESIAN_POINT('Ctrl Pts',(-33.8084422639511,27.0123064694306,-63.212881652528));
#3590=CARTESIAN_POINT('Ctrl Pts',(-31.004067575746,30.9645675532363,-63.212881652528));
#3591=CARTESIAN_POINT('Ctrl Pts',(-25.1853135159315,35.6130205041985,-63.212881652528));
#3592=CARTESIAN_POINT('Ctrl Pts',(-18.7125148576836,37.0820441409603,-63.212881652528));
#3593=CARTESIAN_POINT('Ctrl Pts',(-11.0692585247101,37.0820575208516,-63.212881652528));
#3594=CARTESIAN_POINT('Ctrl Pts',(-3.34463236917092,37.0820575208516,-63.212881652528));
#3595=CARTESIAN_POINT('Ctrl Pts',(7.00151259604895,37.0820575208516,-63.212881652528));
#3596=CARTESIAN_POINT('Ctrl Pts',(12.9160912727556,37.0820575208516,-63.212881652528));
#3597=CARTESIAN_POINT('Ctrl Pts',(17.1096948134148,37.082076418097,-63.212881652528));
#3598=CARTESIAN_POINT('Ctrl Pts',(20.3060668366384,36.729479384611,-63.212881652528));
#3599=CARTESIAN_POINT('Ctrl Pts',(24.9478673760729,35.1077161670666,-63.212881652528));
#3600=CARTESIAN_POINT('Ctrl Pts',(29.0626573470844,32.5217530477237,-63.212881652528));
#3601=CARTESIAN_POINT('Ctrl Pts',(32.5322608047061,29.0525967750281,-63.212881652528));
#3602=CARTESIAN_POINT('Ctrl Pts',(35.1159066755902,24.9307675204606,-63.212881652528));
#3603=CARTESIAN_POINT('Ctrl Pts',(36.7352688302484,20.2884236279728,-63.212881652528));
#3604=CARTESIAN_POINT('Ctrl Pts',(37.082087735071,17.1023856803464,-63.212881652528));
#3605=CARTESIAN_POINT('Ctrl Pts',(37.0820575208516,14.0305252314566,-63.212881652528));
#3606=CARTESIAN_POINT('Ctrl Pts',(37.0820575208516,11.7239523851986,-63.212881652528));
#3607=CARTESIAN_POINT('Ctrl Pts',(37.0820575208516,7.32122893033851,-63.212881652528));
#3608=CARTESIAN_POINT('Ctrl Pts',(37.0820575208516,1.38965286684767,-63.212881652528));
#3609=CARTESIAN_POINT('Ctrl Pts',(37.0820575208516,-4.77161395196589,-63.212881652528));
#3610=CARTESIAN_POINT('Ctrl Pts',(37.0820575208516,-10.6727772810249,-63.212881652528));
#3611=CARTESIAN_POINT('Ctrl Pts',(37.0820575208516,-13.6131079863586,-63.212881652528));
#3612=CARTESIAN_POINT('Ctrl Pts',(37.0820069112776,-18.7085260941301,-63.212881652528));
#3613=CARTESIAN_POINT('Ctrl Pts',(36.1567872202552,-22.7646207849073,-63.212881652528));
#3614=CARTESIAN_POINT('Ctrl Pts',(33.8185919544113,-26.9941301748912,-63.212881652528));
#3615=CARTESIAN_POINT('Ctrl Pts',(31.9351777553727,-29.6504376824389,-63.212881652528));
#3616=CARTESIAN_POINT('Ctrl Pts',(29.0871042188214,-32.5019021062602,-63.212881652528));
#3617=CARTESIAN_POINT('Ctrl Pts',(24.9309902302713,-35.1141113694099,-63.212881652528));
#3618=CARTESIAN_POINT('Ctrl Pts',(20.3768195519697,-36.7076582769327,-63.212881652528));
#3619=CARTESIAN_POINT('Ctrl Pts',(17.1225743592513,-37.082041910877,-63.212881652528));
#3620=CARTESIAN_POINT('Ctrl Pts',(14.0075471228196,-37.0820575208516,-63.212881652528));
#3621=CARTESIAN_POINT('Ctrl Pts',(11.0661576120857,-37.0820575208516,-63.212881652528));
#3622=CARTESIAN_POINT('Ctrl Pts',(5.1570821973606,-37.0820575208516,-63.212881652528));
#3623=CARTESIAN_POINT('Ctrl Pts',(-3.68656077606417,-37.0820575208516,-63.212881652528));
#3624=CARTESIAN_POINT('Ctrl Pts',(-11.077407697563,-37.0820575208516,-63.212881652528));
#3625=CARTESIAN_POINT('Ctrl Pts',(-17.1075726973926,-37.0820644121148,-63.212881652528));
#3626=CARTESIAN_POINT('Ctrl Pts',(-20.3278889169343,-36.7246702088641,-63.212881652528));
#3627=CARTESIAN_POINT('Ctrl Pts',(-24.1995746994859,-35.36726087351,-63.212881652528));
#3628=CARTESIAN_POINT('Ctrl Pts',(-27.0155147421285,-33.8077630473318,-63.212881652528));
#3629=CARTESIAN_POINT('Ctrl Pts',(-28.6975485772177,-32.6117030265264,-63.212881652528));
#3630=CARTESIAN_POINT('Ctrl Pts',(-31.169670154611,-30.5112335153898,-63.212881652528));
#3631=CARTESIAN_POINT('Ctrl Pts',(-33.2609923459379,-28.0168482444049,-63.212881652528));
#3632=CARTESIAN_POINT('Ctrl Pts',(-35.4072225878473,-24.1122923470214,-63.212881652528));
#3633=CARTESIAN_POINT('Ctrl Pts',(-36.7300255251196,-20.276171087253,-63.212881652528));
#3634=CARTESIAN_POINT('Ctrl Pts',(-37.0820667095154,-17.0996399801271,-63.212881652528));
#3635=CARTESIAN_POINT('Ctrl Pts',(-37.0820575208516,-15.3981386697897,-63.212881652528));
#3636=CARTESIAN_POINT('Ctrl Pts',(-37.0820575208516,-13.210907497267,-63.212881652528));
#3637=CARTESIAN_POINT('Ctrl Pts',(-37.0820575208516,-8.0893513539356,-63.212881652528));
#3638=CARTESIAN_POINT('Ctrl Pts',(-37.0820575208516,-2.93273169836856,-63.212881652528));
#3639=CARTESIAN_POINT('Ctrl Pts',(-37.0820575208516,-7.7715611723761E-15,
-63.212881652528));
#3640=CARTESIAN_POINT('Ctrl Pts',(-34.8463968515385,-8.88178419700125E-15,
-64.));
#3641=CARTESIAN_POINT('Ctrl Pts',(-34.8463968515385,2.95123672085015,-64.));
#3642=CARTESIAN_POINT('Ctrl Pts',(-34.8463968515385,5.91910649843522,-64.));
#3643=CARTESIAN_POINT('Ctrl Pts',(-34.8463968515385,11.0760383269591,-64.));
#3644=CARTESIAN_POINT('Ctrl Pts',(-34.8463968515385,13.282463662411,-64.));
#3645=CARTESIAN_POINT('Ctrl Pts',(-34.8465467418193,16.9505694064763,-64.));
#3646=CARTESIAN_POINT('Ctrl Pts',(-34.5134082082547,19.8612960597519,-64.));
#3647=CARTESIAN_POINT('Ctrl Pts',(-33.3230012443861,23.2663276418856,-64.));
#3648=CARTESIAN_POINT('Ctrl Pts',(-31.9118116995358,25.8198806642184,-64.));
#3649=CARTESIAN_POINT('Ctrl Pts',(-29.3981785589873,29.3626260243458,-64.));
#3650=CARTESIAN_POINT('Ctrl Pts',(-24.1817951629265,33.5296474746784,-64.));
#3651=CARTESIAN_POINT('Ctrl Pts',(-18.3798878588388,34.8465518284551,-64.));
#3652=CARTESIAN_POINT('Ctrl Pts',(-11.0692585247101,34.8463968515385,-64.));
#3653=CARTESIAN_POINT('Ctrl Pts',(-3.34463236917093,34.8463968515385,-64.));
#3654=CARTESIAN_POINT('Ctrl Pts',(7.00151259604896,34.8463968515385,-64.));
#3655=CARTESIAN_POINT('Ctrl Pts',(12.9160912727556,34.8463968515385,-64.));
#3656=CARTESIAN_POINT('Ctrl Pts',(16.9430361243154,34.8461779680839,-64.));
#3657=CARTESIAN_POINT('Ctrl Pts',(19.8082252659456,34.5304092524124,-64.));
#3658=CARTESIAN_POINT('Ctrl Pts',(23.9692746078158,33.0764567726978,-64.));
#3659=CARTESIAN_POINT('Ctrl Pts',(27.6577006629518,30.7585077607159,-64.));
#3660=CARTESIAN_POINT('Ctrl Pts',(30.7679658706122,27.6485805936875,-64.));
#3661=CARTESIAN_POINT('Ctrl Pts',(33.0836399206766,23.954078632898,-64.));
#3662=CARTESIAN_POINT('Ctrl Pts',(34.5356047692409,19.7923120190243,-64.));
#3663=CARTESIAN_POINT('Ctrl Pts',(34.8460468855735,16.9367555178893,-64.));
#3664=CARTESIAN_POINT('Ctrl Pts',(34.8463968515385,14.0305252314566,-64.));
#3665=CARTESIAN_POINT('Ctrl Pts',(34.8463968515385,11.7239523851986,-64.));
#3666=CARTESIAN_POINT('Ctrl Pts',(34.8463968515385,7.32122893033851,-64.));
#3667=CARTESIAN_POINT('Ctrl Pts',(34.8463968515385,1.38965286684768,-64.));
#3668=CARTESIAN_POINT('Ctrl Pts',(34.8463968515385,-4.77161395196589,-64.));
#3669=CARTESIAN_POINT('Ctrl Pts',(34.8463968515385,-10.6727772810249,-64.));
#3670=CARTESIAN_POINT('Ctrl Pts',(34.8463968515385,-13.6131079863586,-64.));
#3671=CARTESIAN_POINT('Ctrl Pts',(34.8469830532934,-18.3761899776089,-64.));
#3672=CARTESIAN_POINT('Ctrl Pts',(34.0169123279892,-22.012563926133,-64.));
#3673=CARTESIAN_POINT('Ctrl Pts',(31.9211652677097,-25.8032639390094,-64.));
#3674=CARTESIAN_POINT('Ctrl Pts',(30.232693798,-28.1846736509758,-64.));
#3675=CARTESIAN_POINT('Ctrl Pts',(27.6796997799432,-30.7406165929941,-64.));
#3676=CARTESIAN_POINT('Ctrl Pts',(23.9542669921558,-33.0823789994976,-64.));
#3677=CARTESIAN_POINT('Ctrl Pts',(19.8714142323584,-34.5106786828287,-64.));
#3678=CARTESIAN_POINT('Ctrl Pts',(16.9547718565884,-34.8465776591172,-64.));
#3679=CARTESIAN_POINT('Ctrl Pts',(14.0075471228196,-34.8463968515385,-64.));
#3680=CARTESIAN_POINT('Ctrl Pts',(11.0661576120857,-34.8463968515385,-64.));
#3681=CARTESIAN_POINT('Ctrl Pts',(5.1570821973606,-34.8463968515385,-64.));
#3682=CARTESIAN_POINT('Ctrl Pts',(-3.68656077606417,-34.8463968515385,-64.));
#3683=CARTESIAN_POINT('Ctrl Pts',(-11.077407697563,-34.8463968515385,-64.));
#3684=CARTESIAN_POINT('Ctrl Pts',(-16.9406911988588,-34.8463170312547,-64.));
#3685=CARTESIAN_POINT('Ctrl Pts',(-19.8279838082517,-34.5261393352239,-64.));
#3686=CARTESIAN_POINT('Ctrl Pts',(-23.2984297499655,-33.3090992425839,-64.));
#3687=CARTESIAN_POINT('Ctrl Pts',(-25.822498224723,-31.9113373506267,-64.));
#3688=CARTESIAN_POINT('Ctrl Pts',(-27.3303988901184,-30.8390983627366,-64.));
#3689=CARTESIAN_POINT('Ctrl Pts',(-29.5464669976985,-28.9562078040173,-64.));
#3690=CARTESIAN_POINT('Ctrl Pts',(-31.4209922149122,-26.7203704640949,-64.));
#3691=CARTESIAN_POINT('Ctrl Pts',(-33.3449705502834,-23.2202864661858,-64.));
#3692=CARTESIAN_POINT('Ctrl Pts',(-34.5308907648805,-19.7812496514842,-64.));
#3693=CARTESIAN_POINT('Ctrl Pts',(-34.8462904208689,-16.9341546827213,-64.));
#3694=CARTESIAN_POINT('Ctrl Pts',(-34.8463968515385,-15.3981386697897,-64.));
#3695=CARTESIAN_POINT('Ctrl Pts',(-34.8463968515385,-13.210907497267,-64.));
#3696=CARTESIAN_POINT('Ctrl Pts',(-34.8463968515385,-8.0893513539356,-64.));
#3697=CARTESIAN_POINT('Ctrl Pts',(-34.8463968515385,-2.93273169836856,-64.));
#3698=CARTESIAN_POINT('Ctrl Pts',(-34.8463968515385,-7.7715611723761E-15,
-64.));
#3699=CARTESIAN_POINT('Ctrl Pts',(-33.5,-8.88178419700125E-15,-64.));
#3700=CARTESIAN_POINT('Ctrl Pts',(-33.5,2.95123672085015,-64.));
#3701=CARTESIAN_POINT('Ctrl Pts',(-33.5,5.91910649843522,-64.));
#3702=CARTESIAN_POINT('Ctrl Pts',(-33.5,11.0760383269591,-64.));
#3703=CARTESIAN_POINT('Ctrl Pts',(-33.5,13.282463662411,-64.));
#3704=CARTESIAN_POINT('Ctrl Pts',(-33.5,16.8494015720078,-64.));
#3705=CARTESIAN_POINT('Ctrl Pts',(-33.190274933115,19.5578449190909,-64.));
#3706=CARTESIAN_POINT('Ctrl Pts',(-32.0825684131703,22.7258205296579,-64.));
#3707=CARTESIAN_POINT('Ctrl Pts',(-30.769713978942,25.1015725368945,-64.));
#3708=CARTESIAN_POINT('Ctrl Pts',(-28.4308082110024,28.3978545176298,-64.));
#3709=CARTESIAN_POINT('Ctrl Pts',(-23.5777893648613,32.2747922063861,-64.));
#3710=CARTESIAN_POINT('Ctrl Pts',(-18.1793316226248,33.5,-64.));
#3711=CARTESIAN_POINT('Ctrl Pts',(-11.0692585247101,33.5,-64.));
#3712=CARTESIAN_POINT('Ctrl Pts',(-3.34463236917092,33.5,-64.));
#3713=CARTESIAN_POINT('Ctrl Pts',(7.00151259604896,33.5,-64.));
#3714=CARTESIAN_POINT('Ctrl Pts',(12.9160912727556,33.5,-64.));
#3715=CARTESIAN_POINT('Ctrl Pts',(16.8425334073618,33.5,-64.));
#3716=CARTESIAN_POINT('Ctrl Pts',(19.5083862395,33.2059451226772,-64.));
#3717=CARTESIAN_POINT('Ctrl Pts',(23.3797750542112,31.8533397943145,-64.));
#3718=CARTESIAN_POINT('Ctrl Pts',(26.8116095717196,29.6965881367096,-64.));
#3719=CARTESIAN_POINT('Ctrl Pts',(29.705354476405,26.8032119974214,-64.));
#3720=CARTESIAN_POINT('Ctrl Pts',(31.8601602716814,23.3655221848801,-64.));
#3721=CARTESIAN_POINT('Ctrl Pts',(33.2107740588215,19.4936648142534,-64.));
#3722=CARTESIAN_POINT('Ctrl Pts',(33.5,16.8364555366636,-64.));
#3723=CARTESIAN_POINT('Ctrl Pts',(33.5,14.0305252314566,-64.));
#3724=CARTESIAN_POINT('Ctrl Pts',(33.5,11.7239523851986,-64.));
#3725=CARTESIAN_POINT('Ctrl Pts',(33.5,7.32122893033851,-64.));
#3726=CARTESIAN_POINT('Ctrl Pts',(33.5,1.38965286684768,-64.));
#3727=CARTESIAN_POINT('Ctrl Pts',(33.5,-4.77161395196589,-64.));
#3728=CARTESIAN_POINT('Ctrl Pts',(33.5,-10.6727772810249,-64.));
#3729=CARTESIAN_POINT('Ctrl Pts',(33.5,-13.6131079863586,-64.));
#3730=CARTESIAN_POINT('Ctrl Pts',(33.5,-18.1759967152778,-64.));
#3731=CARTESIAN_POINT('Ctrl Pts',(32.7282962501741,-21.5589154619423,-64.));
#3732=CARTESIAN_POINT('Ctrl Pts',(30.7781961466987,-25.0863914255993,-64.));
#3733=CARTESIAN_POINT('Ctrl Pts',(29.2073689240893,-27.3018390889044,-64.));
#3734=CARTESIAN_POINT('Ctrl Pts',(26.8320045603219,-29.6800254791634,-64.));
#3735=CARTESIAN_POINT('Ctrl Pts',(23.365707176785,-31.8586862248205,-64.));
#3736=CARTESIAN_POINT('Ctrl Pts',(19.5673801770354,-33.1877343946206,-64.));
#3737=CARTESIAN_POINT('Ctrl Pts',(16.8532880077954,-33.5,-64.));
#3738=CARTESIAN_POINT('Ctrl Pts',(14.0075471228196,-33.5,-64.));
#3739=CARTESIAN_POINT('Ctrl Pts',(11.0661576120857,-33.5,-64.));
#3740=CARTESIAN_POINT('Ctrl Pts',(5.1570821973606,-33.5,-64.));
#3741=CARTESIAN_POINT('Ctrl Pts',(-3.68656077606417,-33.5,-64.));
#3742=CARTESIAN_POINT('Ctrl Pts',(-11.077407697563,-33.5,-64.));
#3743=CARTESIAN_POINT('Ctrl Pts',(-16.840733924329,-33.5,-64.));
#3744=CARTESIAN_POINT('Ctrl Pts',(-19.5265995899799,-33.2019368900282,-64.));
#3745=CARTESIAN_POINT('Ctrl Pts',(-22.7556749305507,-32.06980577327,-64.));
#3746=CARTESIAN_POINT('Ctrl Pts',(-25.1042310524379,-30.7691564841489,-64.));
#3747=CARTESIAN_POINT('Ctrl Pts',(-26.5070983666248,-29.7716059921218,-64.));
#3748=CARTESIAN_POINT('Ctrl Pts',(-28.5689144258714,-28.0197591060243,-64.));
#3749=CARTESIAN_POINT('Ctrl Pts',(-30.3131211418227,-25.9393871218504,-64.));
#3750=CARTESIAN_POINT('Ctrl Pts',(-32.1031381743551,-22.6828856897641,-64.));
#3751=CARTESIAN_POINT('Ctrl Pts',(-33.2064000798624,-19.4834405916917,-64.));
#3752=CARTESIAN_POINT('Ctrl Pts',(-33.5,-16.8341562237683,-64.));
#3753=CARTESIAN_POINT('Ctrl Pts',(-33.5,-15.3981386697897,-64.));
#3754=CARTESIAN_POINT('Ctrl Pts',(-33.5,-13.210907497267,-64.));
#3755=CARTESIAN_POINT('Ctrl Pts',(-33.5,-8.0893513539356,-64.));
#3756=CARTESIAN_POINT('Ctrl Pts',(-33.5,-2.93273169836856,-64.));
#3757=CARTESIAN_POINT('Ctrl Pts',(-33.5,-7.7715611723761E-15,-64.));
#3758=CARTESIAN_POINT('',(-38.9541506328653,-9.386394498033E-15,-60.500448134638));
#3759=CARTESIAN_POINT('Ctrl Pts',(-38.9531731541805,-8.88178419700125E-15,
-60.4999999484815));
#3760=CARTESIAN_POINT('Ctrl Pts',(-39.3114937107335,-8.88178419700125E-15,
-59.7185150655888));
#3761=CARTESIAN_POINT('Ctrl Pts',(-39.5,-8.88178419700125E-15,-58.860028218092));
#3762=CARTESIAN_POINT('Ctrl Pts',(-39.5,-8.88178419700125E-15,-58.));
#3763=CARTESIAN_POINT('Ctrl Pts',(-33.5,-8.88178419700125E-15,-64.));
#3764=CARTESIAN_POINT('Ctrl Pts',(-34.8463968515385,-8.88178419700125E-15,
-64.));
#3765=CARTESIAN_POINT('Ctrl Pts',(-37.0820575208516,-8.88178419700125E-15,
-63.212881652528));
#3766=CARTESIAN_POINT('Ctrl Pts',(-38.5398273836619,-8.88178419700125E-15,
-61.380242901025));
#3767=CARTESIAN_POINT('Ctrl Pts',(-38.937520191388,-8.88178419700125E-15,
-60.5341385251584));
#3768=CARTESIAN_POINT('Ctrl Pts',(-38.9531731541805,-8.88178419700125E-15,
-60.4999999484815));
#3769=UNCERTAINTY_MEASURE_WITH_UNIT(LENGTH_MEASURE(0.01),#3773,
'DISTANCE_ACCURACY_VALUE',
'Maximum model space distance between geometric entities at asserted c
onnectivities');
#3770=UNCERTAINTY_MEASURE_WITH_UNIT(LENGTH_MEASURE(0.01),#3773,
'DISTANCE_ACCURACY_VALUE',
'Maximum model space distance between geometric entities at asserted c
onnectivities');
#3771=(
GEOMETRIC_REPRESENTATION_CONTEXT(3)
GLOBAL_UNCERTAINTY_ASSIGNED_CONTEXT((#3769))
GLOBAL_UNIT_ASSIGNED_CONTEXT((#3773,#3775,#3776))
REPRESENTATION_CONTEXT('','3D')
);
#3772=(
GEOMETRIC_REPRESENTATION_CONTEXT(3)
GLOBAL_UNCERTAINTY_ASSIGNED_CONTEXT((#3770))
GLOBAL_UNIT_ASSIGNED_CONTEXT((#3773,#3775,#3776))
REPRESENTATION_CONTEXT('','3D')
);
#3773=(
LENGTH_UNIT()
NAMED_UNIT(*)
SI_UNIT(.MILLI.,.METRE.)
);
#3774=(
LENGTH_UNIT()
NAMED_UNIT(*)
SI_UNIT($,.METRE.)
);
#3775=(
NAMED_UNIT(*)
PLANE_ANGLE_UNIT()
SI_UNIT($,.RADIAN.)
);
#3776=(
NAMED_UNIT(*)
SI_UNIT($,.STERADIAN.)
SOLID_ANGLE_UNIT()
);
#3777=SHAPE_DEFINITION_REPRESENTATION(#3778,#3779);
#3778=PRODUCT_DEFINITION_SHAPE('',$,#3781);
#3779=SHAPE_REPRESENTATION('',(#1364),#3771);
#3780=PRODUCT_DEFINITION_CONTEXT('part definition',#3785,'design');
#3781=PRODUCT_DEFINITION('Bottom_modified_PB','Bottom_modified_PB',#3782,
#3780);
#3782=PRODUCT_DEFINITION_FORMATION('',$,#3787);
#3783=PRODUCT_RELATED_PRODUCT_CATEGORY('Bottom_modified_PB',
'Bottom_modified_PB',(#3787));
#3784=APPLICATION_PROTOCOL_DEFINITION('international standard',
'automotive_design',2009,#3785);
#3785=APPLICATION_CONTEXT(
'Core Data for Automotive Mechanical Design Process');
#3786=PRODUCT_CONTEXT('part definition',#3785,'mechanical');
#3787=PRODUCT('Bottom_modified_PB','Bottom_modified_PB',$,(#3786));
#3788=PRESENTATION_STYLE_ASSIGNMENT((#3790));
#3789=PRESENTATION_STYLE_ASSIGNMENT((#3791));
#3790=SURFACE_STYLE_USAGE(.BOTH.,#3792);
#3791=SURFACE_STYLE_USAGE(.BOTH.,#3793);
#3792=SURFACE_SIDE_STYLE('',(#3794));
#3793=SURFACE_SIDE_STYLE('',(#3795));
#3794=SURFACE_STYLE_FILL_AREA(#3796);
#3795=SURFACE_STYLE_FILL_AREA(#3797);
#3796=FILL_AREA_STYLE('Stahl - satiniert',(#3798));
#3797=FILL_AREA_STYLE('Opaque(160,160,160)',(#3799));
#3798=FILL_AREA_STYLE_COLOUR('Stahl - satiniert',#3800);
#3799=FILL_AREA_STYLE_COLOUR('Opaque(160,160,160)',#3801);
#3800=COLOUR_RGB('Stahl - satiniert',0.627450980392157,0.627450980392157,
0.627450980392157);
#3801=COLOUR_RGB('Opaque(160,160,160)',0.627450980392157,0.627450980392157,
0.627450980392157);
ENDSEC;
END-ISO-10303-21;
